post_id,post_title,rank,artist,title,album,note
390,Spoon : Hot Songs Karaoke Party,,Spoon,All The Negatives Have Been Destroyed,Telephono,
390,Spoon : Hot Songs Karaoke Party,,Spoon,Dismember,Telephono,
390,Spoon : Hot Songs Karaoke Party,,Spoon,Don’t Buy The Realistic,Telephono,
390,Spoon : Hot Songs Karaoke Party,,Spoon,Idiot Driver,Telephono,
390,Spoon : Hot Songs Karaoke Party,,Spoon,Nefarious,Telephono,
390,Spoon : Hot Songs Karaoke Party,,Spoon,Plastic Mylar,Telephono,
390,Spoon : Hot Songs Karaoke Party,,Spoon,Advance Cassette,A Series Of Sneaks,
390,Spoon : Hot Songs Karaoke Party,,Spoon,Car Radio,A Series Of Sneaks,
390,Spoon : Hot Songs Karaoke Party,,Spoon,Metal Detektor,A Series Of Sneaks,
390,Spoon : Hot Songs Karaoke Party,,Spoon,The Minor Tough,A Series Of Sneaks,
390,Spoon : Hot Songs Karaoke Party,,Spoon,Reservations,A Series Of Sneaks,
390,Spoon : Hot Songs Karaoke Party,,Spoon,Utilitarian,A Series Of Sneaks,
390,Spoon : Hot Songs Karaoke Party,,Spoon,Laffitte Don’t Fail Me Now,The Agony Of Lafitte,
390,Spoon : Hot Songs Karaoke Party,,Spoon,Chips And Dip,LoveWays,
390,Spoon : Hot Songs Karaoke Party,,Spoon,Anything You Want,Girls Can Tell,
390,Spoon : Hot Songs Karaoke Party,,Spoon,Believing Is Art,Girls Can Tell,
390,Spoon : Hot Songs Karaoke Party,,Spoon,Everything Hits At Once,Girls Can Tell,
390,Spoon : Hot Songs Karaoke Party,,Spoon,The Fitted Shirt,Girls Can Tell,
390,Spoon : Hot Songs Karaoke Party,,Spoon,Take A Walk,Girls Can Tell,
390,Spoon : Hot Songs Karaoke Party,,Spoon,Take The Fifth,Girls Can Tell,
390,Spoon : Hot Songs Karaoke Party,,Spoon,10:20 a.m.,Girls Can Tell,
390,Spoon : Hot Songs Karaoke Party,,Spoon,All The Pretty Girls Go To The City,Kill The Moonlight,
390,Spoon : Hot Songs Karaoke Party,,Spoon,Back To The Life,Kill The Moonlight,
390,Spoon : Hot Songs Karaoke Party,,Spoon,Don’t Let It Get You Down,Kill The Moonlight,
390,Spoon : Hot Songs Karaoke Party,,Spoon,Jonathon Fisk,Kill The Moonlight,
390,Spoon : Hot Songs Karaoke Party,,Spoon,Someone Something,Kill The Moonlight,
390,Spoon : Hot Songs Karaoke Party,,Spoon,Something To Look Forward To,Kill The Moonlight,
390,Spoon : Hot Songs Karaoke Party,,Spoon,Vittorio E,Kill The Moonlight,
390,Spoon : Hot Songs Karaoke Party,,Spoon,The Way We Get By,Kill The Moonlight,
390,Spoon : Hot Songs Karaoke Party,,Spoon,"The Beast And Dragon, Adored",Gimme Fiction,
390,Spoon : Hot Songs Karaoke Party,,Spoon,The Delicate Place,Gimme Fiction,
390,Spoon : Hot Songs Karaoke Party,,Spoon,I Summon You,Gimme Fiction,
390,Spoon : Hot Songs Karaoke Party,,Spoon,I Turn My Camera On,Gimme Fiction,
390,Spoon : Hot Songs Karaoke Party,,Spoon,Merchants Of Soul,Gimme Fiction,
390,Spoon : Hot Songs Karaoke Party,,Spoon,My Mathematical Mind,Gimme Fiction,
390,Spoon : Hot Songs Karaoke Party,,Spoon,Sister Jack,Gimme Fiction,
390,Spoon : Hot Songs Karaoke Party,,Spoon,The Two Sides Of Monsieur Valentin,Gimme Fiction,
390,Spoon : Hot Songs Karaoke Party,,Spoon,Black Like Me,Ga Ga Ga Ga Ga,
390,Spoon : Hot Songs Karaoke Party,,Spoon,Don’t Make Me A Target,Ga Ga Ga Ga Ga,
390,Spoon : Hot Songs Karaoke Party,,Spoon,Don’t You Evah,Ga Ga Ga Ga Ga,
390,Spoon : Hot Songs Karaoke Party,,Spoon,Finer Feelings,Ga Ga Ga Ga Ga,
390,Spoon : Hot Songs Karaoke Party,,Spoon,Rhthm And Soul,Ga Ga Ga Ga Ga,
390,Spoon : Hot Songs Karaoke Party,,Spoon,The Underdog,Ga Ga Ga Ga Ga,
390,Spoon : Hot Songs Karaoke Party,,Spoon,You Got Yr Cherry Bomb,Ga Ga Ga Ga Ga,
390,Spoon : Hot Songs Karaoke Party,,Spoon,Got Nuffin,Transference,
390,Spoon : Hot Songs Karaoke Party,,Spoon,The Mystery Zone,Transference,
390,Spoon : Hot Songs Karaoke Party,,Spoon,Trouble Comes Running,Transference,
390,Spoon : Hot Songs Karaoke Party,,Spoon,Written In Reverse,Transference,
390,Spoon : Hot Songs Karaoke Party,,Spoon,Do You,They Want My Soul,
390,Spoon : Hot Songs Karaoke Party,,Spoon,Inside Out,They Want My Soul,
390,Spoon : Hot Songs Karaoke Party,,Spoon,Rainy Taxi,They Want My Soul,
390,Spoon : Hot Songs Karaoke Party,,Spoon,They Want My Soul,They Want My Soul,
390,Spoon : Hot Songs Karaoke Party,,Spoon,Can I Sit Next To You,Hot Thoughts,
390,Spoon : Hot Songs Karaoke Party,,Spoon,Hot Thoughts,Hot Thoughts,
499,2018 Top Tens,1,Rilo Kiley,Portions For Foxes,,
499,2018 Top Tens,2,Le Tigre,Deceptacon,,
499,2018 Top Tens,3,Rilo Kiley,A Better Son/Daughter,,
499,2018 Top Tens,4,Bikini Kill,Rebel Girl,,
499,2018 Top Tens,5,Saves The Day,At Your Funeral,,
499,2018 Top Tens,5,Misfits,Hybrid Moments,,
499,2018 Top Tens,5,Neutral Milk Hotel,In The Aeroplane Over The Sea,,
499,2018 Top Tens,8,Talking Heads,Psycho Killer,,
499,2018 Top Tens,9,Misfits,Last Caress,,
499,2018 Top Tens,10,Smiths,Ask,,
499,2018 Top Tens,10,New Order,Bizarre Love Triangle,,
499,2018 Top Tens,10,Pixies,Gigantic,,
499,2018 Top Tens,10,Patti Smith,Gloria,,
499,2018 Top Tens,10,The Mountain Goats,No Children,,
499,2018 Top Tens,10,Franz Ferdinand,Take Me Out,,
501,2019 Challenge: Sing The Unsung,,Action Swingers,Kicked In The Head,,
501,2019 Challenge: Sing The Unsung,,ALL,Postage,,Nick – 1/5
501,2019 Challenge: Sing The Unsung,,Antemasque,In The Lurch,,George – 11/2
501,2019 Challenge: Sing The Unsung,,Archers Of Loaf,Vocal Shrapnel,,Quanzi – 1/5
501,2019 Challenge: Sing The Unsung,,Audacity,Punk Confusion,,
501,2019 Challenge: Sing The Unsung,,Bad Religion,Joy To The World,,DJ Purple – 6/27
501,2019 Challenge: Sing The Unsung,,Bikini Kill,In Accordance To Natural Law,,
501,2019 Challenge: Sing The Unsung,,Black Flag,Clocked In,,Jerry – 2/16
501,2019 Challenge: Sing The Unsung,,Buffalo Tom,Birdbrain,,
501,2019 Challenge: Sing The Unsung,,Butchies,She’s So Lovely,,
501,2019 Challenge: Sing The Unsung,,Can,She Brings The Rain,,Bobby – 4/1
501,2019 Challenge: Sing The Unsung,,Chain Of Strength,True Till Death,,
501,2019 Challenge: Sing The Unsung,,Cloud Nothings,Psychic Trauma,,Nathaniel – 1/19
501,2019 Challenge: Sing The Unsung,,Cockney Rejects,Oi Oi Oi,,Steve – 1/5
501,2019 Challenge: Sing The Unsung,,Come,Shoot Me First,,Karl – 4/1
501,2019 Challenge: Sing The Unsung,,Dag Nasty,Can I Say,,
501,2019 Challenge: Sing The Unsung,,Dag Nasty,Wig Out At Denko’s,,Guy – 9/22
501,2019 Challenge: Sing The Unsung,,Damned,Noise Noise Noise,,
501,2019 Challenge: Sing The Unsung,,David Dondero,The Living And The Dead,,
501,2019 Challenge: Sing The Unsung,,Didjits,Killboy Powerhead,,Steve – 4/20
501,2019 Challenge: Sing The Unsung,,Drive Like Jehu,Bullet Train To Vegas,,
501,2019 Challenge: Sing The Unsung,,Dum Dum Girls,It Only Takes One Night,,Tashi – 2/27
501,2019 Challenge: Sing The Unsung,,Excuse 17,Sevenwhateverteen,,Del – 2/2
501,2019 Challenge: Sing The Unsung,,Frumpies,I Just Wanna Puke On The Stereo,,
501,2019 Challenge: Sing The Unsung,,Gary Numan,Bombers,,Karl – 12/2
501,2019 Challenge: Sing The Unsung,,Generation X,Your Generation,,
501,2019 Challenge: Sing The Unsung,,Go Betty Go,C’mon,,
501,2019 Challenge: Sing The Unsung,,Go-Betweens,Old Mexico,,
501,2019 Challenge: Sing The Unsung,,Grifters,Bummer,,
501,2019 Challenge: Sing The Unsung,,Hot Hot Heat,More For Show,,
501,2019 Challenge: Sing The Unsung,,Hot Snakes,Ben Gurion,,
501,2019 Challenge: Sing The Unsung,,Huggy Bear,Pansy Twist,,Meg – 11/13
501,2019 Challenge: Sing The Unsung,,Hüsker Dü,Hate Paper Doll,,
501,2019 Challenge: Sing The Unsung,,Iggy Pop,Kill City,,Michael C – 12/2
501,2019 Challenge: Sing The Unsung,,J Church,My Favorite Place,,
501,2019 Challenge: Sing The Unsung,,Jesus Lizard,Gladiator,,
501,2019 Challenge: Sing The Unsung,,Joanna Gruesome,Sugarcrush,,
501,2019 Challenge: Sing The Unsung,,Lambchop,Your Fucking Sunny Day,,ZBill – 2/2
501,2019 Challenge: Sing The Unsung,,Le Tigre,Tres Bien,,
501,2019 Challenge: Sing The Unsung,,Marnie Stern,Year Of The Glad,,
501,2019 Challenge: Sing The Unsung,,Metz,Headache,,David SG – 2/27
501,2019 Challenge: Sing The Unsung,,Minor Threat,Small Man Big Mouth,,Maddie – 2/16
501,2019 Challenge: Sing The Unsung,,Minutemen,D’s Car Jam / Anxious MoFo,,
501,2019 Challenge: Sing The Unsung,,Minutemen,It’s Expected I’m Gone,,
501,2019 Challenge: Sing The Unsung,,Minutemen,One Reporter’s Opinion,,
501,2019 Challenge: Sing The Unsung,,Minutemen,The Politics Of Time,,
501,2019 Challenge: Sing The Unsung,,Minutemen,The World According To Nouns,,Robbie – 11/2
501,2019 Challenge: Sing The Unsung,,Minutemen,West Germany,,
501,2019 Challenge: Sing The Unsung,,Minutes,Raise Our Fists Up,,
501,2019 Challenge: Sing The Unsung,,Misfits,Hatebreeders,,Nathaniel – 3/2
501,2019 Challenge: Sing The Unsung,,Mission Of Burma,This Is Not A Photograph,,
501,2019 Challenge: Sing The Unsung,,Mission Of Burma,Wounded World,,– ZBill – 2/2
501,2019 Challenge: Sing The Unsung,,Modern Baseball,"Fine, Great",,Wyatt – 1/5
501,2019 Challenge: Sing The Unsung,,Mr T Experience,I Love You But You’re Standing On My Foot,,– Melissa – 2/2
501,2019 Challenge: Sing The Unsung,,Owen,"O, Evelyn",,
501,2019 Challenge: Sing The Unsung,,Pains Of Being Pure At Heart,Belong,,Nathaniel – 3/2
501,2019 Challenge: Sing The Unsung,,Pansy Division,Luv Luv Luv,,Argyll – 2/16
501,2019 Challenge: Sing The Unsung,,Pleasure Venom,Hunt,,
501,2019 Challenge: Sing The Unsung,,Public Image Ltd,Disappointed,,
501,2019 Challenge: Sing The Unsung,,Rocket From The Crypt,Savoir Faire,,George – 3/14
501,2019 Challenge: Sing The Unsung,,Rocket From The Crypt,Straight American Slave,,
501,2019 Challenge: Sing The Unsung,,School Of Seven Bells,My Cabal,,
501,2019 Challenge: Sing The Unsung,,Slant 6,What Kind Of Monster Are You?,,Kate – 11/13
501,2019 Challenge: Sing The Unsung,,Sleaford Mods,Tied Up In Nottz,,Graham – 8/25
501,2019 Challenge: Sing The Unsung,,Sleater-Kinney,The Professional,,Carl X – 7/20
501,2019 Challenge: Sing The Unsung,,Spoon,10:20 AM,,
501,2019 Challenge: Sing The Unsung,,Spoon,All The Pretty Girls Go To The City,,Nathaniel – 5/18
501,2019 Challenge: Sing The Unsung,,Spoon,Back To The Life,,
501,2019 Challenge: Sing The Unsung,,Spoon,Don’t Make Me A Target,,Nathan – 2/27
501,2019 Challenge: Sing The Unsung,,Spoon,Got Nuffin’,,Amanda – 1/5
501,2019 Challenge: Sing The Unsung,,Spoon,Idiot Driver,,
501,2019 Challenge: Sing The Unsung,,Spoon,Plastic Mylar,,
501,2019 Challenge: Sing The Unsung,,Spoon,Someone Something,,
501,2019 Challenge: Sing The Unsung,,Spoon,Something To Look Forward To,,
501,2019 Challenge: Sing The Unsung,,Spoon,Take A Walk,,Johnny – 2/2
501,2019 Challenge: Sing The Unsung,,Spoon,Take The Fifth,,
501,2019 Challenge: Sing The Unsung,,Spoon,Vittorio E,,
501,2019 Challenge: Sing The Unsung,,Stone Roses,Elephant Stone,,Mr. Green – 1/13
501,2019 Challenge: Sing The Unsung,,Stooges,Down On The Street,,Steve – 1/5
501,2019 Challenge: Sing The Unsung,,Super Thief,bluddded,,
501,2019 Challenge: Sing The Unsung,,Talulah Gosh,Testcard Girl,,
501,2019 Challenge: Sing The Unsung,,The Men,Another Night,,Stephan X – 7/20
501,2019 Challenge: Sing The Unsung,,Tiger Trap,Puzzle Pieces,,
501,2019 Challenge: Sing The Unsung,,Velocity Girl,Pop Loser,,Caroline X – 7/6
501,2019 Challenge: Sing The Unsung,,Veruca Salt,All Hail Me,,Paige – 12/25
501,2019 Challenge: Sing The Unsung,,Waxahatchee,Poison,,Nathaniel – 1/19
501,2019 Challenge: Sing The Unsung,,X,True Love,,Tashi – 2/27
501,2019 Challenge: Sing The Unsung,,X-Ray Spex,Genetic Engineering,,Karen – 6/1
501,2019 Challenge: Sing The Unsung,,Youth Brigade,Sound And Fury,,
576,6th Annual SAD SONGS ONLY,,Against Me!,Reinventing Axl Rose,,
576,6th Annual SAD SONGS ONLY,,Crooked Fingers,Sleep All Summer,,
576,6th Annual SAD SONGS ONLY,,Mitski,Nobody,,
576,6th Annual SAD SONGS ONLY,,Piebald,American Hearts,,
576,6th Annual SAD SONGS ONLY,,Saves The Day,Shoulder To The Wheel,,
576,6th Annual SAD SONGS ONLY,,Elliott Smith,Strung Out Again,,
576,6th Annual SAD SONGS ONLY,,Spanish Love Songs,The Boy Considers His Haircut,,
576,6th Annual SAD SONGS ONLY,,Tiny Moving Parts,Caution,,
576,6th Annual SAD SONGS ONLY,,6ths feat. Mary Timony,All Dressed Up In Dreams,,
576,6th Annual SAD SONGS ONLY,,"Adams, Ryan",Come Pick Me Up,,
576,6th Annual SAD SONGS ONLY,,"Adams, Ryan",Magnolia Mountain,,
576,6th Annual SAD SONGS ONLY,,"Adams, Ryan","To Be Young (Is To Be Sad, Is To Be High)",,
576,6th Annual SAD SONGS ONLY,,Against Me!,FuckMyLife666,,
576,6th Annual SAD SONGS ONLY,,Against Me!,True Trans Soul Rebel,,
576,6th Annual SAD SONGS ONLY,,Air Miami,I Hate Milk,,
576,6th Annual SAD SONGS ONLY,,Alkaline Trio,San Francisco,,
576,6th Annual SAD SONGS ONLY,,Allo Darlin’,My Heart Is A Drummer,,
576,6th Annual SAD SONGS ONLY,,American Football,Never Meant,,
576,6th Annual SAD SONGS ONLY,,American Nightmare,AM/PM,,
576,6th Annual SAD SONGS ONLY,,Andrew Jackson Jihad,"Hate, Rain On Me",,
576,6th Annual SAD SONGS ONLY,,Arcade Fire,Modern Man,,
576,6th Annual SAD SONGS ONLY,,Arcade Fire,Neighborhood #1 (Tunnels),,
576,6th Annual SAD SONGS ONLY,,Arcade Fire,Neighborhood #2 (Laika),,
576,6th Annual SAD SONGS ONLY,,Arcade Fire,Neighborhood #3 (Power Out),,
576,6th Annual SAD SONGS ONLY,,Archers Of Loaf,Wrong,,
576,6th Annual SAD SONGS ONLY,,At The Drive-in,Napoleon Solo,,
576,6th Annual SAD SONGS ONLY,,Bad Books,Pyotr,,
576,6th Annual SAD SONGS ONLY,,"Baker, Julien",Sour Breath,,
576,6th Annual SAD SONGS ONLY,,Band Of Horses,The Funeral,,
576,6th Annual SAD SONGS ONLY,,"Bell, Chris",I Am The Cosmos,,
576,6th Annual SAD SONGS ONLY,,Belle & Sebastian,"Get Me Away From Here, I’m Dying",,
576,6th Annual SAD SONGS ONLY,,Belle & Sebastian,Lazy Line Painter Jane,,
576,6th Annual SAD SONGS ONLY,,Big Boys,Sound On Sound,,
576,6th Annual SAD SONGS ONLY,,Big Star,Thirteen,,
576,6th Annual SAD SONGS ONLY,,Bikini Kill,Feels Blind,,
576,6th Annual SAD SONGS ONLY,,Black Flag,Depression,,
576,6th Annual SAD SONGS ONLY,,Black Heart Procession,A Light So Dim,,
576,6th Annual SAD SONGS ONLY,,Black Heart Procession,Square Heart,,
576,6th Annual SAD SONGS ONLY,,Blonde Redhead,23,,
576,6th Annual SAD SONGS ONLY,,Blood Brothers,Love Rhymes With Hideous Car Wreck,,
576,6th Annual SAD SONGS ONLY,,Bonnie ‘Prince’ Billy,I See A Darkness,,
576,6th Annual SAD SONGS ONLY,,Bottle Rockets,Thousand Dollar Car,,
576,6th Annual SAD SONGS ONLY,,Boygenius,Bite The Hand,,
576,6th Annual SAD SONGS ONLY,,Boygenius,Me & My Dog,,
576,6th Annual SAD SONGS ONLY,,Breeders,Drivin’ On 9,,
576,6th Annual SAD SONGS ONLY,,"Bridgers, Phoebe",Motion Sickness,,
576,6th Annual SAD SONGS ONLY,,Bright Eyes,Lover I Don’t Have To Love,,
576,6th Annual SAD SONGS ONLY,,Bright Eyes,Method Acting,,
576,6th Annual SAD SONGS ONLY,,Bright Eyes,Papa Was A Rodeo (by Magnetic Fields),,
576,6th Annual SAD SONGS ONLY,,"Callahan, Bill",Too Many Birds,,
576,6th Annual SAD SONGS ONLY,,Camera Obscura,Lloyd I’m Ready To Be Heartbroken,,
576,6th Annual SAD SONGS ONLY,,Camper Van Beethoven,All Her Favorite Fruit,,
576,6th Annual SAD SONGS ONLY,,Car Seat Headrest,Unforgiving Girl (She’s Not An),,
576,6th Annual SAD SONGS ONLY,,Cat Power,Nude As The News,,
576,6th Annual SAD SONGS ONLY,,Cayetana,"Scott Get The Van, I’m Moving",,
576,6th Annual SAD SONGS ONLY,,Come,Shoot Me First,,
576,6th Annual SAD SONGS ONLY,,Converge,Homewrecker,,
576,6th Annual SAD SONGS ONLY,,Crass,Systematic Death,,
576,6th Annual SAD SONGS ONLY,,Crooked Fingers,New Drink For The Old Drunk,,
576,6th Annual SAD SONGS ONLY,,Crooked Fingers,Sleep All Summer,,
576,6th Annual SAD SONGS ONLY,,Cure,Boys Don’t Cry,,
576,6th Annual SAD SONGS ONLY,,Cursive,Art Is Hard,,
576,6th Annual SAD SONGS ONLY,,"Dacus, Lucy",I Don’t Wanna Be Funny Anymore,,
576,6th Annual SAD SONGS ONLY,,Decemberists,The Chimbley Sweep,,
576,6th Annual SAD SONGS ONLY,,Desaparecidos,"Man And Wife, The Latter (Damaged Goods)",,
576,6th Annual SAD SONGS ONLY,,Descendents,Clean Sheets,,
576,6th Annual SAD SONGS ONLY,,Detroit Cobras,He Did It (by The Ronettes),,
576,6th Annual SAD SONGS ONLY,,DEVO,Beautiful World,,
576,6th Annual SAD SONGS ONLY,,Dinosaur Jr,Just Like Heaven (by The Cure),,
576,6th Annual SAD SONGS ONLY,,Dismemberment Plan,The Ice Of Boston,,
576,6th Annual SAD SONGS ONLY,,Dismemberment Plan,Time Bomb,,
576,6th Annual SAD SONGS ONLY,,Distillers,City Of Angels,,
576,6th Annual SAD SONGS ONLY,,Dream Syndicate,Tell Me When It’s Over,,
576,6th Annual SAD SONGS ONLY,,Dum Dum Girls,Coming Down,,
576,6th Annual SAD SONGS ONLY,,Dum Dum Girls,It Only Takes One Night,,
576,6th Annual SAD SONGS ONLY,,Eisley,Real World,,
576,6th Annual SAD SONGS ONLY,,"Erickson, Roky",You Don’t Love Me Yet,,
576,6th Annual SAD SONGS ONLY,,Foxygen,San Francisco,,
576,6th Annual SAD SONGS ONLY,,Frankie Cosmos,Young,,
576,6th Annual SAD SONGS ONLY,,Frightened Rabbit,Head Rolls Off,,
576,6th Annual SAD SONGS ONLY,,Front Bottoms,Twin Size Mattress,,
576,6th Annual SAD SONGS ONLY,,"Frost, Edith",Cars And Parties,,
576,6th Annual SAD SONGS ONLY,,"Gary, The",(Eyes In The) Tap Room,,
576,6th Annual SAD SONGS ONLY,,Get Up Kids,Holiday,,
576,6th Annual SAD SONGS ONLY,,Get Up Kids,Ten Minutes,,
576,6th Annual SAD SONGS ONLY,,"Golightly, Holly",There’s An End,,
576,6th Annual SAD SONGS ONLY,,Good Life,Lovers Need Lawyers,,
576,6th Annual SAD SONGS ONLY,,Good Riddance,Better,,
576,6th Annual SAD SONGS ONLY,,Grifters,Bummer,,
576,6th Annual SAD SONGS ONLY,,Guided By Voices,Game Of Pricks,,
576,6th Annual SAD SONGS ONLY,,Handsome Family,Weightless Again,,
576,6th Annual SAD SONGS ONLY,,Heartless Bastards,The Mountain,,
576,6th Annual SAD SONGS ONLY,,Heatmiser,Antonio Carlos Jobim,,
576,6th Annual SAD SONGS ONLY,,Helium,Honeycomb,,
576,6th Annual SAD SONGS ONLY,,Hop Along,Tibetan Pop Stars,,
576,6th Annual SAD SONGS ONLY,,Hot Water Music,Not For Anyone,,
576,6th Annual SAD SONGS ONLY,,Hot Water Music,Trusty Chords,,
576,6th Annual SAD SONGS ONLY,,Hüsker Dü,Makes No Sense At All,,
576,6th Annual SAD SONGS ONLY,,Hüsker Dü,Never Talking To You Again,,
576,6th Annual SAD SONGS ONLY,,Inspiral Carpets,This Is How It Feels,,
576,6th Annual SAD SONGS ONLY,,Interpol,Leif Erikson,,
576,6th Annual SAD SONGS ONLY,,Interpol,NYC,,
576,6th Annual SAD SONGS ONLY,,Jawbox,Savory,,
576,6th Annual SAD SONGS ONLY,,Jawbreaker,Do You Still Hate Me?,,
576,6th Annual SAD SONGS ONLY,,Jets To Brazil,Chinatown,,
576,6th Annual SAD SONGS ONLY,,Jets To Brazil,Sweet Avenue,,
576,6th Annual SAD SONGS ONLY,,Jim Carroll Band,People Who Died,,
576,6th Annual SAD SONGS ONLY,,Joy Division,Dead Souls,,
576,6th Annual SAD SONGS ONLY,,Joy Division,Insight,,
576,6th Annual SAD SONGS ONLY,,Joy Division,Love Will Tear Us Apart,,
576,6th Annual SAD SONGS ONLY,,Joy Division,Twenty Four Hours,,
576,6th Annual SAD SONGS ONLY,,La Dispute,Such Small Hands,,
576,6th Annual SAD SONGS ONLY,,Lagwagon,Sick,,
576,6th Annual SAD SONGS ONLY,,"Lekman, Jens",I’m Leaving You Because I Don’t Love You,,
576,6th Annual SAD SONGS ONLY,,"Lekman, Jens",The Opposite Of Hallelujah,,
576,6th Annual SAD SONGS ONLY,,"Lewis, Jenny",The Big Guns,,
576,6th Annual SAD SONGS ONLY,,Low,Just Make It Stop,,
576,6th Annual SAD SONGS ONLY,,Lush,Light From A Dead Star,,
576,6th Annual SAD SONGS ONLY,,Magnetic Fields,All The Umbrellas In London,,
576,6th Annual SAD SONGS ONLY,,Magnetic Fields,Busby Berkeley Dreams,,
576,6th Annual SAD SONGS ONLY,,Magnetic Fields,Grand Canyon,,
576,6th Annual SAD SONGS ONLY,,Magnetic Fields,The Saddest Story Ever Told,,
576,6th Annual SAD SONGS ONLY,,Magnolia Electric Co.,The Dark Don’t Hide It,,
576,6th Annual SAD SONGS ONLY,,Marked Men,Fix My Brain,,
576,6th Annual SAD SONGS ONLY,,Meat Puppets,Plateau,,
576,6th Annual SAD SONGS ONLY,,Menzingers,I Don’t Wanna Be An Asshole Anymore,,
576,6th Annual SAD SONGS ONLY,,Mineral,Parking Lot,,
576,6th Annual SAD SONGS ONLY,,Minutemen,Jesus & Tequila,,
576,6th Annual SAD SONGS ONLY,,Mitski,i will,,
576,6th Annual SAD SONGS ONLY,,Mitski,Nobody,,
576,6th Annual SAD SONGS ONLY,,Modern Baseball,"Fine, Great",,
576,6th Annual SAD SONGS ONLY,,Modest Mouse,Baby Blue Sedan,,
576,6th Annual SAD SONGS ONLY,,Modest Mouse,Bankrupt On Selling,,
576,6th Annual SAD SONGS ONLY,,Modest Mouse,Dark Center Of The Universe,,
576,6th Annual SAD SONGS ONLY,,Modest Mouse,Dramamine,,
576,6th Annual SAD SONGS ONLY,,Modest Mouse,You’re The Good Things (It’s Alright To Die),,
576,6th Annual SAD SONGS ONLY,,Mogwai,R U Still In 2 It?,,
576,6th Annual SAD SONGS ONLY,,Mountain Goats,Against Pollution,,
576,6th Annual SAD SONGS ONLY,,Mountain Goats,Cotton,,
576,6th Annual SAD SONGS ONLY,,Mountain Goats,Cry For Judas,,
576,6th Annual SAD SONGS ONLY,,Mountain Goats,Dance Music,,
576,6th Annual SAD SONGS ONLY,,Mountain Goats,No Children,,
576,6th Annual SAD SONGS ONLY,,Mr. T Experience,Sackcloth And Ashes,,
576,6th Annual SAD SONGS ONLY,,"Nastasia, Nina",A Dog’s Life,,
576,6th Annual SAD SONGS ONLY,,Neutral Milk Hotel,Communist Daughter,,
576,6th Annual SAD SONGS ONLY,,Neutral Milk Hotel,In The Aeroplane Over The Sea,,
576,6th Annual SAD SONGS ONLY,,New Order,1963 (’95),,
576,6th Annual SAD SONGS ONLY,,New Order,Love Vigilantes,,
576,6th Annual SAD SONGS ONLY,,New Pornographers,Challengers,,
576,6th Annual SAD SONGS ONLY,,"Newsom, Joanna","Clam, Crab, Cockle, Cowrie",,
576,6th Annual SAD SONGS ONLY,,"Newsom, Joanna",The Book Of Right-On,,
576,6th Annual SAD SONGS ONLY,,No Use For A Name,Justified Black Eye,,
576,6th Annual SAD SONGS ONLY,,"Numan, Gary (Tubeway Army)",Me! I Disconnect From You,,
576,6th Annual SAD SONGS ONLY,,Okkervil River,Black,,
576,6th Annual SAD SONGS ONLY,,Okkervil River,Westfall,,
576,6th Annual SAD SONGS ONLY,,Old 97’s,Big Brown Eyes,,
576,6th Annual SAD SONGS ONLY,,"Olsen, Angel",Never Be Mine,,
576,6th Annual SAD SONGS ONLY,,Owen,"O, Evelyn",,
576,6th Annual SAD SONGS ONLY,,Palace Brothers,"For The Mekons, et al",,
576,6th Annual SAD SONGS ONLY,,"Palmer, Amanda",The Bed Song,,
576,6th Annual SAD SONGS ONLY,,Parenthetical Girls,A Song For Ellie Greenwich,,
576,6th Annual SAD SONGS ONLY,,Pogues,Thousands Are Sailing,,
576,6th Annual SAD SONGS ONLY,,Popper Burns,Sunday,,
576,6th Annual SAD SONGS ONLY,,Postal Service,Brand New Colony,,
576,6th Annual SAD SONGS ONLY,,Postal Service,Nothing Better,,
576,6th Annual SAD SONGS ONLY,,Poster Children,Rain On Me,,
576,6th Annual SAD SONGS ONLY,,Pretty Girls Make Graves,Sad Girls Por Vida,,
576,6th Annual SAD SONGS ONLY,,Promise Ring,A Picture Postcard,,
576,6th Annual SAD SONGS ONLY,,Pulley,Second Best,,
576,6th Annual SAD SONGS ONLY,,Pulp,Disco 2000,,
576,6th Annual SAD SONGS ONLY,,Pulp,Like A Friend,,
576,6th Annual SAD SONGS ONLY,,Pup,DVP,,
576,6th Annual SAD SONGS ONLY,,Quasi,The Poisoned Well,,
576,6th Annual SAD SONGS ONLY,,Quiet Company,The Easy Confidence,,
576,6th Annual SAD SONGS ONLY,,Rainer Maria,The Reason The Night Is Long,,
576,6th Annual SAD SONGS ONLY,,Rilo Kiley,A Better Son/Daughter,,
576,6th Annual SAD SONGS ONLY,,Rilo Kiley,More Adventurous,,
576,6th Annual SAD SONGS ONLY,,Rilo Kiley,Science Vs. Romance,,
576,6th Annual SAD SONGS ONLY,,Rutabega,Come Back Big Brother,,
576,6th Annual SAD SONGS ONLY,,Rutabega,Shiny Destination,,
576,6th Annual SAD SONGS ONLY,,Saves The Day,At Your Funeral,,
576,6th Annual SAD SONGS ONLY,,Sebadoh,Brand New Love (acoustic),,
576,6th Annual SAD SONGS ONLY,,Sebadoh,Pink Moon (by Nick Drake),,
576,6th Annual SAD SONGS ONLY,,Sebadoh,Too Pure,,
576,6th Annual SAD SONGS ONLY,,Shannon & The Clams,Baby Don’t Do It,,
576,6th Annual SAD SONGS ONLY,,Shannon & The Clams,Point Of Being Right,,
576,6th Annual SAD SONGS ONLY,,Shearwater,Century Eyes,,
576,6th Annual SAD SONGS ONLY,,Silkworm,Couldn’t You Wait,,
576,6th Annual SAD SONGS ONLY,,Silver Jews,Punks In The Beerlight,,
576,6th Annual SAD SONGS ONLY,,Silver Jews,Random Rules,,
576,6th Annual SAD SONGS ONLY,,Sleater-Kinney,Buy Her Candy,,
576,6th Annual SAD SONGS ONLY,,Sleater-Kinney,Dig Me Out,,
576,6th Annual SAD SONGS ONLY,,Sleater-Kinney,Jumpers,,
576,6th Annual SAD SONGS ONLY,,Sleater-Kinney,One More Hour,,
576,6th Annual SAD SONGS ONLY,,Small Brown Bike,Like A Future With No Friend,,
576,6th Annual SAD SONGS ONLY,,"Smith, Elliott",Baby Britain,,
576,6th Annual SAD SONGS ONLY,,"Smith, Elliott",Ballad Of Big Nothing,,
576,6th Annual SAD SONGS ONLY,,"Smith, Elliott",King’s Crossing,,
576,6th Annual SAD SONGS ONLY,,"Smith, Elliott",Miss Misery,,
576,6th Annual SAD SONGS ONLY,,"Smith, Elliott",Strung Out Again,,
576,6th Annual SAD SONGS ONLY,,"Smith, Elliott",Twilight,,
576,6th Annual SAD SONGS ONLY,,"Smith, Elliott",Waltz #2 (XO),,
576,6th Annual SAD SONGS ONLY,,Smiths,Girlfriend In A Coma,,
576,6th Annual SAD SONGS ONLY,,Smog,Bathysphere,,
576,6th Annual SAD SONGS ONLY,,Smog,I Was A Stranger,,
576,6th Annual SAD SONGS ONLY,,Songs: Ohia,I’ve Been Riding With The Ghost,,
576,6th Annual SAD SONGS ONLY,,Songs: Ohia,Just Be Simple,,
576,6th Annual SAD SONGS ONLY,,Songs: Ohia,Lioness,,
576,6th Annual SAD SONGS ONLY,,Songs: Ohia,Tigress,,
576,6th Annual SAD SONGS ONLY,,Spanish Love Songs,The Boy Considers His Haircut,,
576,6th Annual SAD SONGS ONLY,,Spiritualized,The Straight & The Narrow,,
576,6th Annual SAD SONGS ONLY,,Spoon,10:20 a.m.,,
576,6th Annual SAD SONGS ONLY,,Spoon,Advance Cassette,,
576,6th Annual SAD SONGS ONLY,,Spoon,Anything You Want,,
576,6th Annual SAD SONGS ONLY,,Spoon,Don’t Let It Get You Down,,
576,6th Annual SAD SONGS ONLY,,Spoon,Laffitte Don’t Fail Me Now,,
576,6th Annual SAD SONGS ONLY,,St. Vincent,Cheerleader,,
576,6th Annual SAD SONGS ONLY,,"Stevens, Sufjan",Chicago,,
576,6th Annual SAD SONGS ONLY,,"Stevens, Sufjan","John Wayne Gacy, Jr.",,
576,6th Annual SAD SONGS ONLY,,Sun Kil Moon,Carry Me Ohio,,
576,6th Annual SAD SONGS ONLY,,Sun Kil Moon,Salvador Sanchez,,
576,6th Annual SAD SONGS ONLY,,Sunny Day Real Estate,In Circles,,
576,6th Annual SAD SONGS ONLY,,Sunny Day Real Estate,Seven,,
576,6th Annual SAD SONGS ONLY,,Swearin’,Kenosha,,
576,6th Annual SAD SONGS ONLY,,They Might Be Giants,Nightgown Of The Sullen Moon,,
576,6th Annual SAD SONGS ONLY,,Title Fight,"Numb, But I Still Feel It",,
576,6th Annual SAD SONGS ONLY,,Two Nice Girls,I Spent My Last US$10.00(On Birth Control And Beer),,
576,6th Annual SAD SONGS ONLY,,Uncle Tupelo,No Depression,,
576,6th Annual SAD SONGS ONLY,,"Van Etten, Sharon",Your Love Is Killing Me,,
576,6th Annual SAD SONGS ONLY,,Vandals,My Girlfriend’s Dead,,
576,6th Annual SAD SONGS ONLY,,"Vanderslice, John",Exodus Damage,,
576,6th Annual SAD SONGS ONLY,,"Vega, Suzanne",Left Of Center,,
576,6th Annual SAD SONGS ONLY,,"Veirs, Laura",Galaxies,,
576,6th Annual SAD SONGS ONLY,,Velocity Girl,Pop Loser,,
576,6th Annual SAD SONGS ONLY,,Velvet Underground,All Tomorrow’s Parties,,
576,6th Annual SAD SONGS ONLY,,Velvet Underground,Femme Fatale,,
576,6th Annual SAD SONGS ONLY,,Walkmen,Thinking Of A Dream I Had,,
576,6th Annual SAD SONGS ONLY,,Waxahatchee,Poison,,
576,6th Annual SAD SONGS ONLY,,Weakerthans,Aside,,
576,6th Annual SAD SONGS ONLY,,Weakerthans,Tournament Of Hearts,,
576,6th Annual SAD SONGS ONLY,,Weakerthans,Virtute The Cat Explains Her Departure,,
576,6th Annual SAD SONGS ONLY,,Ween,Chocolate Town,,
576,6th Annual SAD SONGS ONLY,,What Made Milwaukee Famous,Selling Yourself Short,,
576,6th Annual SAD SONGS ONLY,,Whiskeytown,Excuse Me While I Break My Own Heart Tonight,,
576,6th Annual SAD SONGS ONLY,,Wilco,Passenger Side,,
576,6th Annual SAD SONGS ONLY,,Wye Oak,Civilian,,
576,6th Annual SAD SONGS ONLY,,Wye Oak,I Hope You Die,,
576,6th Annual SAD SONGS ONLY,,Yo La Tengo,Autumn Sweater,,
646,SAD SONGS ONLY 2022,,6ths feat. Mary Timony,All Dressed Up In Dreams,,
646,SAD SONGS ONLY 2022,,"Adams, Ryan",Come Pick Me Up,,
646,SAD SONGS ONLY 2022,,"Adams, Ryan",Magnolia Mountain,,
646,SAD SONGS ONLY 2022,,"Adams, Ryan","To Be Young (Is To Be Sad, Is To Be High)",,
646,SAD SONGS ONLY 2022,,Against Me!,FuckMyLife666,,
646,SAD SONGS ONLY 2022,,Against Me!,True Trans Soul Rebel,,
646,SAD SONGS ONLY 2022,,Air Miami,I Hate Milk,,
646,SAD SONGS ONLY 2022,,Alkaline Trio,San Francisco,,
646,SAD SONGS ONLY 2022,,Allo Darlin’,My Heart Is A Drummer,,
646,SAD SONGS ONLY 2022,,American Football,Never Meant,,
646,SAD SONGS ONLY 2022,,American Nightmare,AM/PM,,
646,SAD SONGS ONLY 2022,,Andrew Jackson Jihad,"Hate, Rain On Me",,
646,SAD SONGS ONLY 2022,,Arcade Fire,Modern Man,,
646,SAD SONGS ONLY 2022,,Arcade Fire,Neighborhood #1 (Tunnels),,
646,SAD SONGS ONLY 2022,,Arcade Fire,Neighborhood #2 (Laika),,
646,SAD SONGS ONLY 2022,,Arcade Fire,Neighborhood #3 (Power Out),,
646,SAD SONGS ONLY 2022,,Archers Of Loaf,Wrong,,
646,SAD SONGS ONLY 2022,,At The Drive-in,Napoleon Solo,,
646,SAD SONGS ONLY 2022,,Bachelor,Stay In The Car,,
646,SAD SONGS ONLY 2022,,Bad Books,Pyotr,,
646,SAD SONGS ONLY 2022,,"Baker, Julien",Sour Breath,,
646,SAD SONGS ONLY 2022,,Band Of Horses,The Funeral,,
646,SAD SONGS ONLY 2022,,"Bell, Chris",I Am The Cosmos,,
646,SAD SONGS ONLY 2022,,Belle & Sebastian,"Get Me Away From Here, I’m Dying",,
646,SAD SONGS ONLY 2022,,Belle & Sebastian,Lazy Line Painter Jane,,
646,SAD SONGS ONLY 2022,,Big Boys,Sound On Sound,,
646,SAD SONGS ONLY 2022,,Big Star,Thirteen,,
646,SAD SONGS ONLY 2022,,Big Thief,Not,,
646,SAD SONGS ONLY 2022,,Bikini Kill,Feels Blind,,
646,SAD SONGS ONLY 2022,,Black Flag,Depression,,
646,SAD SONGS ONLY 2022,,Black Heart Procession,A Light So Dim,,
646,SAD SONGS ONLY 2022,,Black Heart Procession,Square Heart,,
646,SAD SONGS ONLY 2022,,Blonde Redhead,23,,
646,SAD SONGS ONLY 2022,,Blood Brothers,Love Rhymes With Hideous Car Wreck,,
646,SAD SONGS ONLY 2022,,Bonnie ‘Prince’ Billy,I See A Darkness,,
646,SAD SONGS ONLY 2022,,Bottle Rockets,Thousand Dollar Car,,
646,SAD SONGS ONLY 2022,,Boygenius,Bite The Hand,,
646,SAD SONGS ONLY 2022,,Boygenius,Me & My Dog,,
646,SAD SONGS ONLY 2022,,Breeders,Drivin’ On 9,,
646,SAD SONGS ONLY 2022,,"Bridgers, Phoebe",Motion Sickness,,
646,SAD SONGS ONLY 2022,,Bright Eyes,Lover I Don’t Have To Love,,
646,SAD SONGS ONLY 2022,,Bright Eyes,Method Acting,,
646,SAD SONGS ONLY 2022,,Bright Eyes,Papa Was A Rodeo (by Magnetic Fields),,
646,SAD SONGS ONLY 2022,,"Callahan, Bill",Too Many Birds,,
646,SAD SONGS ONLY 2022,,Camera Obscura,Lloyd I’m Ready To Be Heartbroken,,
646,SAD SONGS ONLY 2022,,Camper Van Beethoven,All Her Favorite Fruit,,
646,SAD SONGS ONLY 2022,,Car Seat Headrest,Unforgiving Girl (She’s Not An),,
646,SAD SONGS ONLY 2022,,Cartalk,Wrestling,,
646,SAD SONGS ONLY 2022,,"Case, Neko",Red Tide,,
646,SAD SONGS ONLY 2022,,Cat Power,Nude As The News,,
646,SAD SONGS ONLY 2022,,Cayetana,"Scott Get The Van, I’m Moving",,
646,SAD SONGS ONLY 2022,,Come,Shoot Me First,,
646,SAD SONGS ONLY 2022,,Converge,Homewrecker,,
646,SAD SONGS ONLY 2022,,Crass,Systematic Death,,
646,SAD SONGS ONLY 2022,,Crooked Fingers,New Drink For The Old Drunk,,
646,SAD SONGS ONLY 2022,,Crooked Fingers,Sleep All Summer,,
646,SAD SONGS ONLY 2022,,Crooked Fingers,Under Sad Stars,,
646,SAD SONGS ONLY 2022,,Cure,Boys Don’t Cry,,
646,SAD SONGS ONLY 2022,,Cursive,Art Is Hard,,
646,SAD SONGS ONLY 2022,,"Dacus, Lucy",I Don’t Wanna Be Funny Anymore,,
646,SAD SONGS ONLY 2022,,Decemberists,The Chimbley Sweep,,
646,SAD SONGS ONLY 2022,,Desaparecidos,"Man And Wife, The Latter (Damaged Goods)",,
646,SAD SONGS ONLY 2022,,Descendents,Clean Sheets,,
646,SAD SONGS ONLY 2022,,Detroit Cobras,He Did It (by The Ronettes),,
646,SAD SONGS ONLY 2022,,DEVO,Beautiful World,,
646,SAD SONGS ONLY 2022,,Dinosaur Jr,Just Like Heaven (by The Cure),,
646,SAD SONGS ONLY 2022,,Dismemberment Plan,The Ice Of Boston,,
646,SAD SONGS ONLY 2022,,Dismemberment Plan,Time Bomb,,
646,SAD SONGS ONLY 2022,,Distillers,City Of Angels,,
646,SAD SONGS ONLY 2022,,Dream Syndicate,Tell Me When It’s Over,,
646,SAD SONGS ONLY 2022,,Dum Dum Girls,Coming Down,,
646,SAD SONGS ONLY 2022,,Dum Dum Girls,It Only Takes One Night,,
646,SAD SONGS ONLY 2022,,Eisley,Real World,,
646,SAD SONGS ONLY 2022,,"Erickson, Roky",You Don’t Love Me Yet,,
646,SAD SONGS ONLY 2022,,Foxygen,San Francisco,,
646,SAD SONGS ONLY 2022,,Frankie Cosmos,Young,,
646,SAD SONGS ONLY 2022,,Frightened Rabbit,Head Rolls Off,,
646,SAD SONGS ONLY 2022,,Front Bottoms,Twin Size Mattress,,
646,SAD SONGS ONLY 2022,,"Frost, Edith",Cars And Parties,,
646,SAD SONGS ONLY 2022,,"Gary, The",(Eyes In The) Tap Room,,
646,SAD SONGS ONLY 2022,,Get Up Kids,Holiday,,
646,SAD SONGS ONLY 2022,,Get Up Kids,Ten Minutes,,
646,SAD SONGS ONLY 2022,,"Golightly, Holly",There’s An End,,
646,SAD SONGS ONLY 2022,,Good Life,Lovers Need Lawyers,,
646,SAD SONGS ONLY 2022,,Good Riddance,Better,,
646,SAD SONGS ONLY 2022,,Grifters,Bummer,,
646,SAD SONGS ONLY 2022,,Guided By Voices,Game Of Pricks,,
646,SAD SONGS ONLY 2022,,Handsome Family,Weightless Again,,
646,SAD SONGS ONLY 2022,,Heartless Bastards,The Mountain,,
646,SAD SONGS ONLY 2022,,Heatmiser,Antonio Carlos Jobim,,
646,SAD SONGS ONLY 2022,,Helium,Honeycomb,,
646,SAD SONGS ONLY 2022,,Hop Along,How Simple,,
646,SAD SONGS ONLY 2022,,Hop Along,Tibetan Pop Stars,,
646,SAD SONGS ONLY 2022,,Hot Water Music,Not For Anyone,,
646,SAD SONGS ONLY 2022,,Hot Water Music,Trusty Chords,,
646,SAD SONGS ONLY 2022,,Hüsker Dü,Makes No Sense At All,,
646,SAD SONGS ONLY 2022,,Hüsker Dü,Never Talking To You Again,,
646,SAD SONGS ONLY 2022,,Inspiral Carpets,This Is How It Feels,,
646,SAD SONGS ONLY 2022,,Interpol,Leif Erikson,,
646,SAD SONGS ONLY 2022,,Interpol,NYC,,
646,SAD SONGS ONLY 2022,,Jawbox,Savory,,
646,SAD SONGS ONLY 2022,,Jawbreaker,Do You Still Hate Me?,,
646,SAD SONGS ONLY 2022,,Jets To Brazil,Chinatown,,
646,SAD SONGS ONLY 2022,,Jets To Brazil,Sweet Avenue,,
646,SAD SONGS ONLY 2022,,Jim Carroll Band,People Who Died,,
646,SAD SONGS ONLY 2022,,Joy Division,Dead Souls,,
646,SAD SONGS ONLY 2022,,Joy Division,Insight,,
646,SAD SONGS ONLY 2022,,Joy Division,Love Will Tear Us Apart,,
646,SAD SONGS ONLY 2022,,Joy Division,Twenty Four Hours,,
646,SAD SONGS ONLY 2022,,La Dispute,Such Small Hands,,
646,SAD SONGS ONLY 2022,,Lagwagon,Sick,,
646,SAD SONGS ONLY 2022,,"Lekman, Jens",I’m Leaving You Because I Don’t Love You,,
646,SAD SONGS ONLY 2022,,"Lekman, Jens",The Opposite Of Hallelujah,,
646,SAD SONGS ONLY 2022,,"Lewis, Jenny",The Big Guns,,
646,SAD SONGS ONLY 2022,,Low,Just Make It Stop,,
646,SAD SONGS ONLY 2022,,Lush,Light From A Dead Star,,
646,SAD SONGS ONLY 2022,,Magnetic Fields,All The Umbrellas In London,,
646,SAD SONGS ONLY 2022,,Magnetic Fields,Busby Berkeley Dreams,,
646,SAD SONGS ONLY 2022,,Magnetic Fields,Grand Canyon,,
646,SAD SONGS ONLY 2022,,Magnetic Fields,The Saddest Story Ever Told,,
646,SAD SONGS ONLY 2022,,Magnolia Electric Co.,The Dark Don’t Hide It,,
646,SAD SONGS ONLY 2022,,Marked Men,Fix My Brain,,
646,SAD SONGS ONLY 2022,,Meat Puppets,Plateau,,
646,SAD SONGS ONLY 2022,,Menzingers,I Don’t Wanna Be An Asshole Anymore,,
646,SAD SONGS ONLY 2022,,Mineral,Parking Lot,,
646,SAD SONGS ONLY 2022,,Minutemen,Jesus & Tequila,,
646,SAD SONGS ONLY 2022,,Mitski,I Bet On Losing Dogs,,
646,SAD SONGS ONLY 2022,,Mitski,i will,,
646,SAD SONGS ONLY 2022,,Mitski,Lonesome Love,,
646,SAD SONGS ONLY 2022,,Mitski,Nobody,,
646,SAD SONGS ONLY 2022,,Modern Baseball,"Fine, Great",,
646,SAD SONGS ONLY 2022,,Modest Mouse,Baby Blue Sedan,,
646,SAD SONGS ONLY 2022,,Modest Mouse,Bankrupt On Selling,,
646,SAD SONGS ONLY 2022,,Modest Mouse,Dark Center Of The Universe,,
646,SAD SONGS ONLY 2022,,Modest Mouse,Dramamine,,
646,SAD SONGS ONLY 2022,,Modest Mouse,Trailer Trash,,
646,SAD SONGS ONLY 2022,,Modest Mouse,You’re The Good Things (It’s Alright To Die),,
646,SAD SONGS ONLY 2022,,Mogwai,R U Still In 2 It?,,
646,SAD SONGS ONLY 2022,,Mountain Goats,Against Pollution,,
646,SAD SONGS ONLY 2022,,Mountain Goats,Cotton,,
646,SAD SONGS ONLY 2022,,Mountain Goats,Cry For Judas,,
646,SAD SONGS ONLY 2022,,Mountain Goats,Dance Music,,
646,SAD SONGS ONLY 2022,,Mountain Goats,No Children,,
646,SAD SONGS ONLY 2022,,Mountain Goats,The Best Ever Death Metal Band In Denton,,
646,SAD SONGS ONLY 2022,,Mr. T Experience,Sackcloth And Ashes,,
646,SAD SONGS ONLY 2022,,"Nastasia, Nina",A Dog’s Life,,
646,SAD SONGS ONLY 2022,,Neutral Milk Hotel,Communist Daughter,,
646,SAD SONGS ONLY 2022,,Neutral Milk Hotel,In The Aeroplane Over The Sea,,
646,SAD SONGS ONLY 2022,,New Order,1963 (’95),,
646,SAD SONGS ONLY 2022,,New Order,Love Vigilantes,,
646,SAD SONGS ONLY 2022,,New Pornographers,Challengers,,
646,SAD SONGS ONLY 2022,,"Newsom, Joanna","Clam, Crab, Cockle, Cowrie",,
646,SAD SONGS ONLY 2022,,"Newsom, Joanna",The Book Of Right-On,,
646,SAD SONGS ONLY 2022,,No Use For A Name,Justified Black Eye,,
646,SAD SONGS ONLY 2022,,"Numan, Gary (Tubeway Army)",Me! I Disconnect From You,,
646,SAD SONGS ONLY 2022,,Okkervil River,Black,,
646,SAD SONGS ONLY 2022,,Okkervil River,Westfall,,
646,SAD SONGS ONLY 2022,,Old 97’s,Big Brown Eyes,,
646,SAD SONGS ONLY 2022,,"Olsen, Angel",Never Be Mine,,
646,SAD SONGS ONLY 2022,,"Olsen, Angel",Shut Up Kiss Me,,
646,SAD SONGS ONLY 2022,,Owen,"O, Evelyn",,
646,SAD SONGS ONLY 2022,,Palace Brothers,"For The Mekons, et al",,
646,SAD SONGS ONLY 2022,,"Palmer, Amanda",The Bed Song,,
646,SAD SONGS ONLY 2022,,Parenthetical Girls,A Song For Ellie Greenwich,,
646,SAD SONGS ONLY 2022,,Pogues,Thousands Are Sailing,,
646,SAD SONGS ONLY 2022,,Popper Burns,Sunday,,
646,SAD SONGS ONLY 2022,,Postal Service,Brand New Colony,,
646,SAD SONGS ONLY 2022,,Postal Service,Nothing Better,,
646,SAD SONGS ONLY 2022,,Poster Children,Rain On Me,,
646,SAD SONGS ONLY 2022,,Pretty Girls Make Graves,Sad Girls Por Vida,,
646,SAD SONGS ONLY 2022,,Promise Ring,A Picture Postcard,,
646,SAD SONGS ONLY 2022,,Pulley,Second Best,,
646,SAD SONGS ONLY 2022,,Pulp,Disco 2000,,
646,SAD SONGS ONLY 2022,,Pulp,Like A Friend,,
646,SAD SONGS ONLY 2022,,Pup,DVP,,
646,SAD SONGS ONLY 2022,,Quasi,The Poisoned Well,,
646,SAD SONGS ONLY 2022,,Quiet Company,The Easy Confidence,,
646,SAD SONGS ONLY 2022,,Rainer Maria,The Reason The Night Is Long,,
646,SAD SONGS ONLY 2022,,Replacements,Unsatisfied,,
646,SAD SONGS ONLY 2022,,Rilo Kiley,A Better Son/Daughter,,
646,SAD SONGS ONLY 2022,,Rilo Kiley,More Adventurous,,
646,SAD SONGS ONLY 2022,,Rilo Kiley,Science Vs. Romance,,
646,SAD SONGS ONLY 2022,,Rutabega,Come Back Big Brother,,
646,SAD SONGS ONLY 2022,,Rutabega,Shiny Destination,,
646,SAD SONGS ONLY 2022,,Saves The Day,At Your Funeral,,
646,SAD SONGS ONLY 2022,,Sebadoh,Brand New Love (acoustic),,
646,SAD SONGS ONLY 2022,,Sebadoh,Pink Moon (by Nick Drake),,
646,SAD SONGS ONLY 2022,,Sebadoh,Too Pure,,
646,SAD SONGS ONLY 2022,,Shannon & The Clams,Baby Don’t Do It,,
646,SAD SONGS ONLY 2022,,Shannon & The Clams,Point Of Being Right,,
646,SAD SONGS ONLY 2022,,Shearwater,Century Eyes,,
646,SAD SONGS ONLY 2022,,Silkworm,Couldn’t You Wait,,
646,SAD SONGS ONLY 2022,,Silver Jews,Punks In The Beerlight,,
646,SAD SONGS ONLY 2022,,Silver Jews,Random Rules,,
646,SAD SONGS ONLY 2022,,Siouxsie & The Banshees,Christine,,
646,SAD SONGS ONLY 2022,,Sleater-Kinney,Buy Her Candy,,
646,SAD SONGS ONLY 2022,,Sleater-Kinney,Dig Me Out,,
646,SAD SONGS ONLY 2022,,Sleater-Kinney,Jumpers,,
646,SAD SONGS ONLY 2022,,Sleater-Kinney,One More Hour,,
646,SAD SONGS ONLY 2022,,Slint,"Good Morning, Captain",,
646,SAD SONGS ONLY 2022,,Small Brown Bike,Like A Future With No Friend,,
646,SAD SONGS ONLY 2022,,"Smith, Elliott",Baby Britain,,
646,SAD SONGS ONLY 2022,,"Smith, Elliott",Ballad Of Big Nothing,,
646,SAD SONGS ONLY 2022,,"Smith, Elliott",King’s Crossing,,
646,SAD SONGS ONLY 2022,,"Smith, Elliott",Miss Misery,,
646,SAD SONGS ONLY 2022,,"Smith, Elliott",Strung Out Again,,
646,SAD SONGS ONLY 2022,,"Smith, Elliott",Twilight,,
646,SAD SONGS ONLY 2022,,"Smith, Elliott",Waltz #2 (XO),,
646,SAD SONGS ONLY 2022,,Smiths,Girlfriend In A Coma,,
646,SAD SONGS ONLY 2022,,Smog,Bathysphere,,
646,SAD SONGS ONLY 2022,,Smog,I Was A Stranger,,
646,SAD SONGS ONLY 2022,,Snail Mail,Valentine,,
646,SAD SONGS ONLY 2022,,Soccer Mommy,Circle The Drain,,
646,SAD SONGS ONLY 2022,,Songs: Ohia,Farewell Transmission,,
646,SAD SONGS ONLY 2022,,Songs: Ohia,I’ve Been Riding With The Ghost,,
646,SAD SONGS ONLY 2022,,Songs: Ohia,Just Be Simple,,
646,SAD SONGS ONLY 2022,,Songs: Ohia,Lioness,,
646,SAD SONGS ONLY 2022,,Songs: Ohia,Tigress,,
646,SAD SONGS ONLY 2022,,Spanish Love Songs,The Boy Considers His Haircut,,
646,SAD SONGS ONLY 2022,,Spiritualized,The Straight & The Narrow,,
646,SAD SONGS ONLY 2022,,Spoon,10:20 a.m.,,
646,SAD SONGS ONLY 2022,,Spoon,Advance Cassette,,
646,SAD SONGS ONLY 2022,,Spoon,Anything You Want,,
646,SAD SONGS ONLY 2022,,Spoon,Don’t Let It Get You Down,,
646,SAD SONGS ONLY 2022,,Spoon,Laffitte Don’t Fail Me Now,,
646,SAD SONGS ONLY 2022,,St. Vincent,Cheerleader,,
646,SAD SONGS ONLY 2022,,"Stevens, Sufjan",Chicago,,
646,SAD SONGS ONLY 2022,,"Stevens, Sufjan","John Wayne Gacy, Jr.",,
646,SAD SONGS ONLY 2022,,Sun Kil Moon,Carry Me Ohio,,
646,SAD SONGS ONLY 2022,,Sun Kil Moon,Salvador Sanchez,,
646,SAD SONGS ONLY 2022,,Sunny Day Real Estate,In Circles,,
646,SAD SONGS ONLY 2022,,Sunny Day Real Estate,Seven,,
646,SAD SONGS ONLY 2022,,Swearin’,Kenosha,,
646,SAD SONGS ONLY 2022,,They Might Be Giants,Nightgown Of The Sullen Moon,,
646,SAD SONGS ONLY 2022,,Title Fight,"Numb, But I Still Feel It",,
646,SAD SONGS ONLY 2022,,Two Nice Girls,I Spent My Last US$10.00(On Birth Control And Beer),,
646,SAD SONGS ONLY 2022,,Uncle Tupelo,No Depression,,
646,SAD SONGS ONLY 2022,,"Van Etten, Sharon",Seventeen,,
646,SAD SONGS ONLY 2022,,"Van Etten, Sharon",Your Love Is Killing Me,,
646,SAD SONGS ONLY 2022,,Vandals,My Girlfriend’s Dead,,
646,SAD SONGS ONLY 2022,,"Vanderslice, John",Exodus Damage,,
646,SAD SONGS ONLY 2022,,"Vega, Suzanne",Left Of Center,,
646,SAD SONGS ONLY 2022,,"Veirs, Laura",Galaxies,,
646,SAD SONGS ONLY 2022,,Velocity Girl,Pop Loser,,
646,SAD SONGS ONLY 2022,,Velvet Underground,All Tomorrow’s Parties,,
646,SAD SONGS ONLY 2022,,Velvet Underground,Femme Fatale,,
646,SAD SONGS ONLY 2022,,Walkmen,Thinking Of A Dream I Had,,
646,SAD SONGS ONLY 2022,,Waxahatchee,Lilacs,,
646,SAD SONGS ONLY 2022,,Waxahatchee,Poison,,
646,SAD SONGS ONLY 2022,,Weakerthans,Aside,,
646,SAD SONGS ONLY 2022,,Weakerthans,Tournament Of Hearts,,
646,SAD SONGS ONLY 2022,,Weakerthans,Virtute The Cat Explains Her Departure,,
646,SAD SONGS ONLY 2022,,Ween,Chocolate Town,,
646,SAD SONGS ONLY 2022,,Weyes Blood,Andromeda,,
646,SAD SONGS ONLY 2022,,What Made Milwaukee Famous,Selling Yourself Short,,
646,SAD SONGS ONLY 2022,,Whiskeytown,Excuse Me While I Break My Own Heart Tonight,,
646,SAD SONGS ONLY 2022,,Wilco,Passenger Side,,
646,SAD SONGS ONLY 2022,,Wye Oak,Civilian,,
646,SAD SONGS ONLY 2022,,Wye Oak,I Hope You Die,,
646,SAD SONGS ONLY 2022,,Xiu Xiu,Falling (by Julee Cruise),,
646,SAD SONGS ONLY 2022,,Yo La Tengo,Autumn Sweater,,
679,Scary-oke on 10.27,,999,Homicide,,
679,Scary-oke on 10.27,,Adolescents,Amoeba,,
679,Scary-oke on 10.27,,Adverts,Gary Gilmore’s Eyes,,
679,Scary-oke on 10.27,,Agent Orange,Bloodstains,,
679,Scary-oke on 10.27,,Arcade Fire,Neighborhood #2 (Laika),,
679,Scary-oke on 10.27,,Bad Books,Pyotr,,
679,Scary-oke on 10.27,,Bauhaus,Ziggy Stardust (by David Bowie),,
679,Scary-oke on 10.27,,Be Your Own Pet,Becky,,
679,Scary-oke on 10.27,,Big Black,Steelworker,,
679,Scary-oke on 10.27,,Birthday Party,Sonny’s Burning,,
679,Scary-oke on 10.27,,Black Heart Procession,A Light So Dim,,
679,Scary-oke on 10.27,,Blitz,Razors In The Night,,
679,Scary-oke on 10.27,,Blood Brothers,Love Rhymes With Hideous Car Wreck,,
679,Scary-oke on 10.27,,Body Count,Cop Killer,,
679,Scary-oke on 10.27,,Bratmobile,Gimme Brains,,
679,Scary-oke on 10.27,,Bush Tetras,Too Many Creeps,,
679,Scary-oke on 10.27,,"Cale, John",Fear Is A Man’s Best Friend,,
679,Scary-oke on 10.27,,"Case, Neko","Hold On, Hold On",,
679,Scary-oke on 10.27,,Cat Power,Cross Bones Style,,
679,Scary-oke on 10.27,,"Cave, Nick & The Bad Seeds",Deanna,,
679,Scary-oke on 10.27,,"Cave, Nick & The Bad Seeds",Papa Won’t Leave You Henry,,
679,Scary-oke on 10.27,,"Cave, Nick & The Bad Seeds",Stagger Lee,,
679,Scary-oke on 10.27,,"Cave, Nick & The Bad Seeds",Tupelo,,
679,Scary-oke on 10.27,,Coma In Algiers,Leipzig,,
679,Scary-oke on 10.27,,Come,Shoot Me First,,
679,Scary-oke on 10.27,,Converge,Homewrecker,,
679,Scary-oke on 10.27,,"Costello, Elvis",Watching The Detectives,,
679,Scary-oke on 10.27,,Cramps,Human Fly,,
679,Scary-oke on 10.27,,Cramps,I Was A Teenage Werewolf,,
679,Scary-oke on 10.27,,Cramps,Strychnine (by The Sonics),,
679,Scary-oke on 10.27,,Cramps,TV Set,,
679,Scary-oke on 10.27,,Cure,Boys Don’t Cry,,
679,Scary-oke on 10.27,,Cure,Jumping Someone Else’s Train,,
679,Scary-oke on 10.27,,Cursive,Some Red-Handed Sleight Of Hand,,
679,Scary-oke on 10.27,,Dead Boys,Sonic Reducer,,
679,Scary-oke on 10.27,,Dead Kennedys,California Uber Alles,,
679,Scary-oke on 10.27,,Death Angel,Bored,,
679,Scary-oke on 10.27,,Decemberists,The Chimbley Sweep,,
679,Scary-oke on 10.27,,Dinosaur Jr,Just Like Heaven (by The Cure),,
679,Scary-oke on 10.27,,Discharge,Protest And Survive,,
679,Scary-oke on 10.27,,Dismemberment Plan,Time Bomb,,
679,Scary-oke on 10.27,,Distillers,I Am A Revenant,,
679,Scary-oke on 10.27,,Dresden Dolls,Girl Anachronism,,
679,Scary-oke on 10.27,,Dukes Of Stratosphear,My Love Explodes,,
679,Scary-oke on 10.27,,Elton Motello,Jet Boy Jet Girl,,
679,Scary-oke on 10.27,,Germs,Lexicon Devil,,
679,Scary-oke on 10.27,,Grimes,Oblivion,,
679,Scary-oke on 10.27,,Grinderman,Get It On,,
679,Scary-oke on 10.27,,Guided By Voices,Cut-Out Witch,,
679,Scary-oke on 10.27,,Gun Club,She’s Like Heroin To Me,,
679,Scary-oke on 10.27,,Helium,Honeycomb,,
679,Scary-oke on 10.27,,Helium,Lady Of The Fire,,
679,Scary-oke on 10.27,,Helium,Silver Strings,,
679,Scary-oke on 10.27,,Hole,Pretty On The Inside,,
679,Scary-oke on 10.27,,HorrorPops,Walk Like A Zombie,,
679,Scary-oke on 10.27,,Hot Hot Heat,Bandages,,
679,Scary-oke on 10.27,,Hot Snakes,This Mystic Decade,,
679,Scary-oke on 10.27,,Interpol,Evil,,
679,Scary-oke on 10.27,,Interpol,PDA,,
679,Scary-oke on 10.27,,Jesus Lizard,Gladiator,,
679,Scary-oke on 10.27,,Jesus Lizard,If You Had Lips,,
679,Scary-oke on 10.27,,Jesus Lizard,Mouth Breather,,
679,Scary-oke on 10.27,,Jim Carroll Band,People Who Died,,
679,Scary-oke on 10.27,,Jonathan Fire*Eater,The Search For Cherry Red,,
679,Scary-oke on 10.27,,Joy Division,Dead Souls,,
679,Scary-oke on 10.27,,Joy Division,Failures,,
679,Scary-oke on 10.27,,Joy Division,Insight,,
679,Scary-oke on 10.27,,Joy Division,Leaders Of Men,,
679,Scary-oke on 10.27,,Joy Division,Love Will Tear Us Apart,,
679,Scary-oke on 10.27,,Joy Division,Transmission,,
679,Scary-oke on 10.27,,Joy Division,Twenty Four Hours,,
679,Scary-oke on 10.27,,L7,Pretend We’re Dead,,
679,Scary-oke on 10.27,,L7,Shitlist,,
679,Scary-oke on 10.27,,La Dispute,Such Small Hands,,
679,Scary-oke on 10.27,,Le Tigre,My Art,,
679,Scary-oke on 10.27,,Les Savy Fav,The Sweat Descends,,
679,Scary-oke on 10.27,,Love,A House Is Not A Motel,,
679,Scary-oke on 10.27,,Lunachicks,Babysitters On Acid,,
679,Scary-oke on 10.27,,Lunachicks,C.I.L.L.,,
679,Scary-oke on 10.27,,Lush,Light From A Dead Star,,
679,Scary-oke on 10.27,,Material Issue,Valerie Loves Me,,
679,Scary-oke on 10.27,,McLusky,Alan Is A Cowboy Killer,,
679,Scary-oke on 10.27,,McLusky,To Hell With Good Intentions,,
679,Scary-oke on 10.27,,Meat Puppets,Lake Of Fire,,
679,Scary-oke on 10.27,,Ministry,Everyday Is Halloween,,
679,Scary-oke on 10.27,,Minutemen,Little Man With A Gun In His Hand,,
679,Scary-oke on 10.27,,Misfits,Angelfuck,,
679,Scary-oke on 10.27,,Misfits,Astro Zombies,,
679,Scary-oke on 10.27,,Misfits,Attitude,,
679,Scary-oke on 10.27,,Misfits,Halloween,,
679,Scary-oke on 10.27,,Misfits,Hatebreeders,,
679,Scary-oke on 10.27,,Misfits,Hybrid Moments,,
679,Scary-oke on 10.27,,Misfits,Last Caress,,
679,Scary-oke on 10.27,,Misfits,Mommy Can I Go Out And Kill Tonight,,
679,Scary-oke on 10.27,,Misfits,She,,
679,Scary-oke on 10.27,,Misfits,Skulls,,
679,Scary-oke on 10.27,,Misfits,We Are 138,,
679,Scary-oke on 10.27,,Misfits,Where Eagles Dare,,
679,Scary-oke on 10.27,,Modern Lovers,She Cracked,,
679,Scary-oke on 10.27,,Modest Mouse,Dark Center Of The Universe,,
679,Scary-oke on 10.27,,Mountain Goats,No Children,,
679,Scary-oke on 10.27,,Mountain Goats,Oceanographer’s Choice,,
679,Scary-oke on 10.27,,Mountain Goats,The Best Ever Death Metal Band In Denton,,
679,Scary-oke on 10.27,,Municipal Waste,The Art Of Partying,,
679,Scary-oke on 10.27,,Murder By Death,Comin’ Home,,
679,Scary-oke on 10.27,,Murder City Devils,18 Wheels,,
679,Scary-oke on 10.27,,Murder City Devils,Boom Swagger Boom,,
679,Scary-oke on 10.27,,Murder City Devils,Press Gang,,
679,Scary-oke on 10.27,,Murder City Devils,Rum To Whiskey,,
679,Scary-oke on 10.27,,Murder City Devils,Somebody Else’s Baby,,
679,Scary-oke on 10.27,,Negative Approach,Can’t Tell No One,,
679,Scary-oke on 10.27,,Neutral Milk Hotel,Ghost,,
679,Scary-oke on 10.27,,New Order,1963 (’95),,
679,Scary-oke on 10.27,,New Order,Ceremony,,
679,Scary-oke on 10.27,,New Order,Love Vigilantes,,
679,Scary-oke on 10.27,,"Newsom, Joanna",The Book Of Right-On,,
679,Scary-oke on 10.27,,"Numan, Gary (Tubeway Army)",Me! I Disconnect From You,,
679,Scary-oke on 10.27,,Okkervil River,Black,,
679,Scary-oke on 10.27,,Okkervil River,Westfall,,
679,Scary-oke on 10.27,,"Palmer, Amanda",The Bed Song,,
679,Scary-oke on 10.27,,pAper chAse,I’m Gonna Spend The Rest Of My Life Lying,,
679,Scary-oke on 10.27,,Pere Ubu,Final Solution,,
679,Scary-oke on 10.27,,Petrol Girls,"Baby, I Had An Abortion",,
679,Scary-oke on 10.27,,Pixies,Wave Of Mutilation,,
679,Scary-oke on 10.27,,Pixies,Where Is My Mind?,,
679,Scary-oke on 10.27,,"Reatard, Jay",My Family,,
679,Scary-oke on 10.27,,Savages,Evil,,
679,Scary-oke on 10.27,,Scratch Acid,Monsters,,
679,Scary-oke on 10.27,,Shannon & The Clams,Baby Don’t Do It,,
679,Scary-oke on 10.27,,Siouxsie & The Banshees,Christine,,
679,Scary-oke on 10.27,,Slant 6,What Kind Of Monster Are You?,,
679,Scary-oke on 10.27,,Sleater-Kinney,Not What You Want,,
679,Scary-oke on 10.27,,Slint,"Good Morning, Captain",,
679,Scary-oke on 10.27,,"Smith, Elliott",Strung Out Again,,
679,Scary-oke on 10.27,,Songs: Ohia,I’ve Been Riding With The Ghost,,
679,Scary-oke on 10.27,,Sonic Youth,Death Valley ’69,,
679,Scary-oke on 10.27,,Speedy Ortiz,American Horror,,
679,Scary-oke on 10.27,,Spoon,Nefarious,,
679,Scary-oke on 10.27,,St. Vincent,The Neighbors,,
679,Scary-oke on 10.27,,"Stevens, Sufjan","John Wayne Gacy, Jr.",,
679,Scary-oke on 10.27,,Stooges,I Wanna Be Your Dog,,
679,Scary-oke on 10.27,,Stretch Panic,Vampire Love,,
679,Scary-oke on 10.27,,Suicidal Tendencies,Institutionalized,,
679,Scary-oke on 10.27,,T. Rex,Jeepster,,
679,Scary-oke on 10.27,,T.S.O.L.,Code Blue,,
679,Scary-oke on 10.27,,Talking Heads,Psycho Killer,,
679,Scary-oke on 10.27,,Television,See No Evil,,
679,Scary-oke on 10.27,,Thermals,A Pillar Of Salt,,
679,Scary-oke on 10.27,,Thermals,Here’s Your Future,,
679,Scary-oke on 10.27,,"Timony, Mary",Blood Tree,,
679,Scary-oke on 10.27,,Turbonegro,Monkey On Your Back,,
679,Scary-oke on 10.27,,TV On The Radio,Wolf Like Me,,
679,Scary-oke on 10.27,,Uncle Tupelo,Graveyard Shift,,
679,Scary-oke on 10.27,,"Van Etten, Sharon",Your Love Is Killing Me,,
679,Scary-oke on 10.27,,Vandals,My Girlfriend’s Dead,,
679,Scary-oke on 10.27,,Velvet Underground,Femme Fatale,,
679,Scary-oke on 10.27,,Venom,Welcome To Hell,,
679,Scary-oke on 10.27,,"Waits, Tom",Singapore,,
679,Scary-oke on 10.27,,Wipers,Return Of The Rat,,
679,Scary-oke on 10.27,,Wye Oak,Civilian,,
679,Scary-oke on 10.27,,X-Ray Spex,Genetic Engineering,,
679,Scary-oke on 10.27,,X-Ray Spex,Oh Bondage Up Yours!,,
679,Scary-oke on 10.27,,Xiu Xiu,Falling (by Julee Cruise),,
679,Scary-oke on 10.27,,Yeah Yeah Yeahs,Black Tongue,,
679,Scary-oke on 10.27,,Yeah Yeah Yeahs,Miles Away,,
679,Scary-oke on 10.27,,Zen Guerrilla,Moonage Daydream (by David Bowie),,
692,SAD SONGS ONLY – DEC 26 2024,,…And You Will Know Us By The Trail Of Dead,"How Near, How Far",,
692,SAD SONGS ONLY – DEC 26 2024,,13th Floor Elevators,You’re Gonna Miss Me,,
692,SAD SONGS ONLY – DEC 26 2024,,6ths feat. Mary Timony,All Dressed Up In Dreams,,
692,SAD SONGS ONLY – DEC 26 2024,,7 Seconds,99 Red Balloons (by Nina Hagen),,
692,SAD SONGS ONLY – DEC 26 2024,,"Adams, Ryan",Come Pick Me Up,,
692,SAD SONGS ONLY – DEC 26 2024,,"Adams, Ryan",Magnolia Mountain,,
692,SAD SONGS ONLY – DEC 26 2024,,"Adams, Ryan","To Be Young (Is To Be Sad, Is To Be High)",,
692,SAD SONGS ONLY – DEC 26 2024,,Adorable,Sunshine Smile,,
692,SAD SONGS ONLY – DEC 26 2024,,Afghan Whigs,My Curse,,
692,SAD SONGS ONLY – DEC 26 2024,,Against Me!,Black Me Out,,
692,SAD SONGS ONLY – DEC 26 2024,,Against Me!,FuckMyLife666,,
692,SAD SONGS ONLY – DEC 26 2024,,Against Me!,Pints Of Guinness Make You Strong,,
692,SAD SONGS ONLY – DEC 26 2024,,Against Me!,True Trans Soul Rebel,,
692,SAD SONGS ONLY – DEC 26 2024,,Air Miami,I Hate Milk,,
692,SAD SONGS ONLY – DEC 26 2024,,AJJ,"Hate, Rain On Me",,
692,SAD SONGS ONLY – DEC 26 2024,,AJJ,People II: The Reckoning,,
692,SAD SONGS ONLY – DEC 26 2024,,Alkaline Trio,Maybe I’ll Catch Fire,,
692,SAD SONGS ONLY – DEC 26 2024,,Alkaline Trio,Radio,,
692,SAD SONGS ONLY – DEC 26 2024,,Alkaline Trio,San Francisco,,
692,SAD SONGS ONLY – DEC 26 2024,,ALL,Dot,,
692,SAD SONGS ONLY – DEC 26 2024,,ALL,Nothin’,,
692,SAD SONGS ONLY – DEC 26 2024,,ALL,Postage,,
692,SAD SONGS ONLY – DEC 26 2024,,Allo Darlin’,My Heart Is A Drummer,,
692,SAD SONGS ONLY – DEC 26 2024,,Alvvays,Belinda Says,,
692,SAD SONGS ONLY – DEC 26 2024,,Alvvays,Dreams Tonite,,
692,SAD SONGS ONLY – DEC 26 2024,,Alvvays,In Undertow,,
692,SAD SONGS ONLY – DEC 26 2024,,American Football,Never Meant,,
692,SAD SONGS ONLY – DEC 26 2024,,American Nightmare,AM/PM,,
692,SAD SONGS ONLY – DEC 26 2024,,Arcade Fire,Modern Man,,
692,SAD SONGS ONLY – DEC 26 2024,,Arcade Fire,Neighborhood #1 (Tunnels),,
692,SAD SONGS ONLY – DEC 26 2024,,Arcade Fire,Neighborhood #2 (Laika),,
692,SAD SONGS ONLY – DEC 26 2024,,Arcade Fire,Neighborhood #3 (Power Out),,
692,SAD SONGS ONLY – DEC 26 2024,,Archers Of Loaf,Wrong,,
692,SAD SONGS ONLY – DEC 26 2024,,At The Drive-in,Napoleon Solo,,
692,SAD SONGS ONLY – DEC 26 2024,,Bachelor,Stay In The Car,,
692,SAD SONGS ONLY – DEC 26 2024,,Bad Books,Pyotr,,
692,SAD SONGS ONLY – DEC 26 2024,,Bad Religion,21st Century Digital Boy,,
692,SAD SONGS ONLY – DEC 26 2024,,"Baker, Julien",Sour Breath,,
692,SAD SONGS ONLY – DEC 26 2024,,Band Of Horses,The Funeral,,
692,SAD SONGS ONLY – DEC 26 2024,,"Barnett, Courtney",Avant Gardener,,
692,SAD SONGS ONLY – DEC 26 2024,,"Barnett, Courtney",Before You Gotta Go,,
692,SAD SONGS ONLY – DEC 26 2024,,"Barnett, Courtney",Depreston,,
692,SAD SONGS ONLY – DEC 26 2024,,Bauhaus,Ziggy Stardust (by David Bowie),,
692,SAD SONGS ONLY – DEC 26 2024,,"Bell, Chris",I Am The Cosmos,,
692,SAD SONGS ONLY – DEC 26 2024,,Belle & Sebastian,"Get Me Away From Here, I’m Dying",,
692,SAD SONGS ONLY – DEC 26 2024,,Belle & Sebastian,If You’re Feeling Sinister,,
692,SAD SONGS ONLY – DEC 26 2024,,Belle & Sebastian,Judy And The Dream Of Horses,,
692,SAD SONGS ONLY – DEC 26 2024,,Belle & Sebastian,Lazy Line Painter Jane,,
692,SAD SONGS ONLY – DEC 26 2024,,Belle & Sebastian,Le Pastie De La Bourgeoisie,,
692,SAD SONGS ONLY – DEC 26 2024,,Belle & Sebastian,Like Dylan In The Movies,,
692,SAD SONGS ONLY – DEC 26 2024,,Belle & Sebastian,Lord Anthony,,
692,SAD SONGS ONLY – DEC 26 2024,,Belle & Sebastian,Mayfly,,
692,SAD SONGS ONLY – DEC 26 2024,,Belle & Sebastian,Me And The Major,,
692,SAD SONGS ONLY – DEC 26 2024,,Belle & Sebastian,Seeing Other People,,
692,SAD SONGS ONLY – DEC 26 2024,,Belle & Sebastian,The Boy Done Wrong Again,,
692,SAD SONGS ONLY – DEC 26 2024,,Belle & Sebastian,The Fox In The Snow,,
692,SAD SONGS ONLY – DEC 26 2024,,Belle & Sebastian,The Stars Of Track And Field,,
692,SAD SONGS ONLY – DEC 26 2024,,Best Coast,Better Girl,,
692,SAD SONGS ONLY – DEC 26 2024,,Best Coast,Boyfriend,,
692,SAD SONGS ONLY – DEC 26 2024,,Best Coast,Crazy For You,,
692,SAD SONGS ONLY – DEC 26 2024,,Beths,Future Me Hates Me,,
692,SAD SONGS ONLY – DEC 26 2024,,Better Oblivion Community Center,Dylan Thomas,,
692,SAD SONGS ONLY – DEC 26 2024,,Big Boys,Sound On Sound,,
692,SAD SONGS ONLY – DEC 26 2024,,Big Boys,Which Way To Go,,
692,SAD SONGS ONLY – DEC 26 2024,,Big Star,September Gurls,,
692,SAD SONGS ONLY – DEC 26 2024,,Big Star,Thirteen,,
692,SAD SONGS ONLY – DEC 26 2024,,Big Thief,Mythological Beauty,,
692,SAD SONGS ONLY – DEC 26 2024,,Big Thief,Not,,
692,SAD SONGS ONLY – DEC 26 2024,,Big Thief,Shark Smile,,
692,SAD SONGS ONLY – DEC 26 2024,,Big Thief,Simulation Swarm,,
692,SAD SONGS ONLY – DEC 26 2024,,Big Thief,Vampire Empire,,
692,SAD SONGS ONLY – DEC 26 2024,,Bikini Kill,Feels Blind,,
692,SAD SONGS ONLY – DEC 26 2024,,Black Dresses,Thoughts And Prayers,,
692,SAD SONGS ONLY – DEC 26 2024,,Black Flag,Depression,,
692,SAD SONGS ONLY – DEC 26 2024,,Black Heart Procession,A Light So Dim,,
692,SAD SONGS ONLY – DEC 26 2024,,Black Heart Procession,It’s A Crime I Never Told You About The Diamonds In Your Eyes,,
692,SAD SONGS ONLY – DEC 26 2024,,Black Heart Procession,Square Heart,,
692,SAD SONGS ONLY – DEC 26 2024,,Blonde Redhead,23,,
692,SAD SONGS ONLY – DEC 26 2024,,Blood Brothers,Love Rhymes With Hideous Car Wreck,,
692,SAD SONGS ONLY – DEC 26 2024,,Blow,True Affection,,
692,SAD SONGS ONLY – DEC 26 2024,,Bomb The Music Industry!,Everybody That You Love,,
692,SAD SONGS ONLY – DEC 26 2024,,Bonnie ‘Prince’ Billy,I See A Darkness,,
692,SAD SONGS ONLY – DEC 26 2024,,Bottle Rockets,Thousand Dollar Car,,
692,SAD SONGS ONLY – DEC 26 2024,,boygenius,Bite The Hand,,
692,SAD SONGS ONLY – DEC 26 2024,,boygenius,Me & My Dog,,
692,SAD SONGS ONLY – DEC 26 2024,,boygenius,Not Strong Enough,,
692,SAD SONGS ONLY – DEC 26 2024,,Bratmobile,Well You Wanna Know What,,
692,SAD SONGS ONLY – DEC 26 2024,,Breeders,Drivin’ On 9,,
692,SAD SONGS ONLY – DEC 26 2024,,Brian Jonestown Massacre,Anemone,,
692,SAD SONGS ONLY – DEC 26 2024,,"Bridgers, Phoebe",Kyoto,,
692,SAD SONGS ONLY – DEC 26 2024,,"Bridgers, Phoebe",Motion Sickness,,
692,SAD SONGS ONLY – DEC 26 2024,,"Bridgers, Phoebe",Scott Street,,
692,SAD SONGS ONLY – DEC 26 2024,,Bright Eyes,Bowl Of Oranges,,
692,SAD SONGS ONLY – DEC 26 2024,,Bright Eyes,Lover I Don’t Have To Love,,
692,SAD SONGS ONLY – DEC 26 2024,,Bright Eyes,Method Acting,,
692,SAD SONGS ONLY – DEC 26 2024,,Bright Eyes,Papa Was A Rodeo (by Magnetic Fields),,
692,SAD SONGS ONLY – DEC 26 2024,,Broken Social Scene,Anthems For A Seventeen-Year Old Girl,,
692,SAD SONGS ONLY – DEC 26 2024,,Built To Spill,Twin Falls,,
692,SAD SONGS ONLY – DEC 26 2024,,Bully,Trying,,
692,SAD SONGS ONLY – DEC 26 2024,,Buzzcocks,Ever Fallen In Love?,,
692,SAD SONGS ONLY – DEC 26 2024,,Buzzcocks,What Do I Get?,,
692,SAD SONGS ONLY – DEC 26 2024,,"Callahan, Bill",Too Many Birds,,
692,SAD SONGS ONLY – DEC 26 2024,,Camera Obscura,Lloyd I’m Ready To Be Heartbroken,,
692,SAD SONGS ONLY – DEC 26 2024,,Camera Obscura,The Sweetest Thing,,
692,SAD SONGS ONLY – DEC 26 2024,,Camper Van Beethoven,All Her Favorite Fruit,,
692,SAD SONGS ONLY – DEC 26 2024,,Car Seat Headrest,Unforgiving Girl (She’s Not An),,
692,SAD SONGS ONLY – DEC 26 2024,,Cartalk,Wrestling,,
692,SAD SONGS ONLY – DEC 26 2024,,"Case, Neko",Calling Cards,,
692,SAD SONGS ONLY – DEC 26 2024,,"Case, Neko",Deep Red Bells,,
692,SAD SONGS ONLY – DEC 26 2024,,"Case, Neko","Hold On, Hold On",,
692,SAD SONGS ONLY – DEC 26 2024,,"Case, Neko",I Wish I Was The Moon,,
692,SAD SONGS ONLY – DEC 26 2024,,"Case, Neko",Pretty Girls,,
692,SAD SONGS ONLY – DEC 26 2024,,"Case, Neko",Red Tide,,
692,SAD SONGS ONLY – DEC 26 2024,,"Case, Neko",Star Witness,,
692,SAD SONGS ONLY – DEC 26 2024,,"Case, Neko",That Teenage Feeling,,
692,SAD SONGS ONLY – DEC 26 2024,,"Case, Neko",This Tornado Loves You,,
692,SAD SONGS ONLY – DEC 26 2024,,Cat Power,Cherokee,,
692,SAD SONGS ONLY – DEC 26 2024,,Cat Power,Cross Bones Style,,
692,SAD SONGS ONLY – DEC 26 2024,,Cat Power,Nude As The News,,
692,SAD SONGS ONLY – DEC 26 2024,,"Cave, Nick & The Bad Seeds",The Ship Song,,
692,SAD SONGS ONLY – DEC 26 2024,,Cayetana,"Scott Get The Van, I’m Moving",,
692,SAD SONGS ONLY – DEC 26 2024,,Charly Bliss,Capacity,,
692,SAD SONGS ONLY – DEC 26 2024,,Childbirth,I Only Fucked You As A Joke,,
692,SAD SONGS ONLY – DEC 26 2024,,Chills,Pink Frost,,
692,SAD SONGS ONLY – DEC 26 2024,,Clap Your Hands Say Yeah,The Skin Of My Yellow Country Teeth,,
692,SAD SONGS ONLY – DEC 26 2024,,Cleaners From Venus,Only A Shadow,,
692,SAD SONGS ONLY – DEC 26 2024,,Cloud Nothings,Pyschic Trauma,,
692,SAD SONGS ONLY – DEC 26 2024,,Cock Sparrer,Argy Bargy,,
692,SAD SONGS ONLY – DEC 26 2024,,Cocteau Twins,Cherry-Coloured Funk,,
692,SAD SONGS ONLY – DEC 26 2024,,Come,Shoot Me First,,
692,SAD SONGS ONLY – DEC 26 2024,,Company Of Thieves,After Thought,,
692,SAD SONGS ONLY – DEC 26 2024,,Converge,Homewrecker,,
692,SAD SONGS ONLY – DEC 26 2024,,Cramps,I Was A Teenage Werewolf,,
692,SAD SONGS ONLY – DEC 26 2024,,Crass,Systematic Death,,
692,SAD SONGS ONLY – DEC 26 2024,,Crooked Fingers,New Drink For The Old Drunk,,
692,SAD SONGS ONLY – DEC 26 2024,,Crooked Fingers,Sleep All Summer,,
692,SAD SONGS ONLY – DEC 26 2024,,Crooked Fingers,Under Sad Stars,,
692,SAD SONGS ONLY – DEC 26 2024,,Cure,Boys Don’t Cry,,
692,SAD SONGS ONLY – DEC 26 2024,,Cure,Close To Me,,
692,SAD SONGS ONLY – DEC 26 2024,,Cure,The Hanging Garden,,
692,SAD SONGS ONLY – DEC 26 2024,,Cursive,Art Is Hard,,
692,SAD SONGS ONLY – DEC 26 2024,,Cursive,The Recluse,,
692,SAD SONGS ONLY – DEC 26 2024,,"Dacus, Lucy",Hot & Heavy,,
692,SAD SONGS ONLY – DEC 26 2024,,"Dacus, Lucy",I Don’t Wanna Be Funny Anymore,,
692,SAD SONGS ONLY – DEC 26 2024,,"Dacus, Lucy",Night Shift,,
692,SAD SONGS ONLY – DEC 26 2024,,Danzig,Blood And Tears,,
692,SAD SONGS ONLY – DEC 26 2024,,Dashboard Confessional,The Brilliant Dance,,
692,SAD SONGS ONLY – DEC 26 2024,,"Dawson, Kimya",All I Could Do,,
692,SAD SONGS ONLY – DEC 26 2024,,Dazey & The Scouts,Wet,,
692,SAD SONGS ONLY – DEC 26 2024,,Death Cab For Cutie,Title And Registration,,
692,SAD SONGS ONLY – DEC 26 2024,,Decemberists,The Chimbley Sweep,,
692,SAD SONGS ONLY – DEC 26 2024,,Desaparecidos,"Man And Wife, The Latter (Damaged Goods)",,
692,SAD SONGS ONLY – DEC 26 2024,,Descendents,Clean Sheets,,
692,SAD SONGS ONLY – DEC 26 2024,,Detroit Cobras,He Did It (by The Ronettes),,
692,SAD SONGS ONLY – DEC 26 2024,,DEVO,Beautiful World,,
692,SAD SONGS ONLY – DEC 26 2024,,Diet Cig,Harvard,,
692,SAD SONGS ONLY – DEC 26 2024,,"DiFranco, Ani",Both Hands,,
692,SAD SONGS ONLY – DEC 26 2024,,"DiFranco, Ani",Untouchable Face,,
692,SAD SONGS ONLY – DEC 26 2024,,Dinosaur Jr,Just Like Heaven (by The Cure),,
692,SAD SONGS ONLY – DEC 26 2024,,Dismemberment Plan,A Life Of Possibilities,,
692,SAD SONGS ONLY – DEC 26 2024,,Dismemberment Plan,The City,,
692,SAD SONGS ONLY – DEC 26 2024,,Dismemberment Plan,The Ice Of Boston,,
692,SAD SONGS ONLY – DEC 26 2024,,Dismemberment Plan,Time Bomb,,
692,SAD SONGS ONLY – DEC 26 2024,,Distillers,City Of Angels,,
692,SAD SONGS ONLY – DEC 26 2024,,Distillers,Drain The Blood,,
692,SAD SONGS ONLY – DEC 26 2024,,Distillers,I Am A Revenant,,
692,SAD SONGS ONLY – DEC 26 2024,,Dollyrots,My Best Friend’s Hot,,
692,SAD SONGS ONLY – DEC 26 2024,,Dream Syndicate,Tell Me When It’s Over,,
692,SAD SONGS ONLY – DEC 26 2024,,Dresden Dolls,My Alcoholic Friends,,
692,SAD SONGS ONLY – DEC 26 2024,,Dum Dum Girls,Coming Down,,
692,SAD SONGS ONLY – DEC 26 2024,,Dum Dum Girls,It Only Takes One Night,,
692,SAD SONGS ONLY – DEC 26 2024,,Eisley,Real World,,
692,SAD SONGS ONLY – DEC 26 2024,,"Erickson, Roky",You Don’t Love Me Yet,,
692,SAD SONGS ONLY – DEC 26 2024,,ESG,You’re No Good,,
692,SAD SONGS ONLY – DEC 26 2024,,Face To Face,Blind,,
692,SAD SONGS ONLY – DEC 26 2024,,Fleet Foxes,Mykonos,,
692,SAD SONGS ONLY – DEC 26 2024,,Fleet Foxes,White Winter Hymnal,,
692,SAD SONGS ONLY – DEC 26 2024,,Foxygen,San Francisco,,
692,SAD SONGS ONLY – DEC 26 2024,,Frankie Cosmos,Young,,
692,SAD SONGS ONLY – DEC 26 2024,,Frightened Rabbit,Head Rolls Off,,
692,SAD SONGS ONLY – DEC 26 2024,,Front Bottoms,Lone Star,,
692,SAD SONGS ONLY – DEC 26 2024,,Front Bottoms,Twin Size Mattress,,
692,SAD SONGS ONLY – DEC 26 2024,,"Frost, Edith",Cars And Parties,,
692,SAD SONGS ONLY – DEC 26 2024,,"Frost, Edith",You Belong To No One,,
692,SAD SONGS ONLY – DEC 26 2024,,Fugazi,I’m So Tired,,
692,SAD SONGS ONLY – DEC 26 2024,,"Furman, Ezra",Transition From Nowhere To Nowhere,,
692,SAD SONGS ONLY – DEC 26 2024,,Fuvk,Glasses,,
692,SAD SONGS ONLY – DEC 26 2024,,"Gary, The",(Eyes In The) Tap Room,,
692,SAD SONGS ONLY – DEC 26 2024,,Get Up Kids,Holiday,,
692,SAD SONGS ONLY – DEC 26 2024,,Get Up Kids,Ten Minutes,,
692,SAD SONGS ONLY – DEC 26 2024,,Ghostland Observatory,Sad Sad City,,
692,SAD SONGS ONLY – DEC 26 2024,,Girls,Hellhole Ratrace,,
692,SAD SONGS ONLY – DEC 26 2024,,"Golightly, Holly",There’s An End,,
692,SAD SONGS ONLY – DEC 26 2024,,Good Life,Lovers Need Lawyers,,
692,SAD SONGS ONLY – DEC 26 2024,,Good Riddance,Better,,
692,SAD SONGS ONLY – DEC 26 2024,,Grifters,Bummer,,
692,SAD SONGS ONLY – DEC 26 2024,,Guided By Voices,Game Of Pricks,,
692,SAD SONGS ONLY – DEC 26 2024,,Guided By Voices,If We Wait,,
692,SAD SONGS ONLY – DEC 26 2024,,Handsome Family,Weightless Again,,
692,SAD SONGS ONLY – DEC 26 2024,,"Harvey, PJ",Rid Of Me,,
692,SAD SONGS ONLY – DEC 26 2024,,Heartless Bastards,The Mountain,,
692,SAD SONGS ONLY – DEC 26 2024,,Heatmiser,Antonio Carlos Jobim,,
692,SAD SONGS ONLY – DEC 26 2024,,Helium,Honeycomb,,
692,SAD SONGS ONLY – DEC 26 2024,,Hole,Jennifer’s Body,,
692,SAD SONGS ONLY – DEC 26 2024,,Hop Along,How Simple,,
692,SAD SONGS ONLY – DEC 26 2024,,Hop Along,Tibetan Pop Stars,,
692,SAD SONGS ONLY – DEC 26 2024,,Hot Water Music,Not For Anyone,,
692,SAD SONGS ONLY – DEC 26 2024,,Hot Water Music,Trusty Chords,,
692,SAD SONGS ONLY – DEC 26 2024,,Hum,Step Into You,,
692,SAD SONGS ONLY – DEC 26 2024,,Hüsker Dü,I Apologize,,
692,SAD SONGS ONLY – DEC 26 2024,,Hüsker Dü,Makes No Sense At All,,
692,SAD SONGS ONLY – DEC 26 2024,,Hüsker Dü,Never Talking To You Again,,
692,SAD SONGS ONLY – DEC 26 2024,,"Hval, Jenny",Ashes To Ashes,,
692,SAD SONGS ONLY – DEC 26 2024,,I Love You But I’ve Chosen Darkness,According To Plan,,
692,SAD SONGS ONLY – DEC 26 2024,,Inspiral Carpets,This Is How It Feels,,
692,SAD SONGS ONLY – DEC 26 2024,,Interpol,Leif Erikson,,
692,SAD SONGS ONLY – DEC 26 2024,,Interpol,NYC,,
692,SAD SONGS ONLY – DEC 26 2024,,Interpol,Rest My Chemistry,,
692,SAD SONGS ONLY – DEC 26 2024,,"Jacklin, Julia",Pressure To Party,,
692,SAD SONGS ONLY – DEC 26 2024,,Japanese Breakfast,Road Head,,
692,SAD SONGS ONLY – DEC 26 2024,,Jawbox,Savory,,
692,SAD SONGS ONLY – DEC 26 2024,,Jawbreaker,Do You Still Hate Me?,,
692,SAD SONGS ONLY – DEC 26 2024,,Jets To Brazil,Chinatown,,
692,SAD SONGS ONLY – DEC 26 2024,,Jets To Brazil,Sweet Avenue,,
692,SAD SONGS ONLY – DEC 26 2024,,Jim Carroll Band,People Who Died,,
692,SAD SONGS ONLY – DEC 26 2024,,Jimmy Eat World,Lucky Denver Mint,,
692,SAD SONGS ONLY – DEC 26 2024,,"Johnston, Daniel",True Love Will Find You In The End,,
692,SAD SONGS ONLY – DEC 26 2024,,Joy Division,Dead Souls,,
692,SAD SONGS ONLY – DEC 26 2024,,Joy Division,Insight,,
692,SAD SONGS ONLY – DEC 26 2024,,Joy Division,Love Will Tear Us Apart,,
692,SAD SONGS ONLY – DEC 26 2024,,Joy Division,New Dawn Fades,,
692,SAD SONGS ONLY – DEC 26 2024,,Joy Division,Twenty Four Hours,,
692,SAD SONGS ONLY – DEC 26 2024,,Joyce Manor,Constant Headache,,
692,SAD SONGS ONLY – DEC 26 2024,,Kiltro,The Drunk,,
692,SAD SONGS ONLY – DEC 26 2024,,La Dispute,Such Small Hands,,
692,SAD SONGS ONLY – DEC 26 2024,,La Luz,Sure As Spring,,
692,SAD SONGS ONLY – DEC 26 2024,,Ladytron,Destroy Everything You Touch,,
692,SAD SONGS ONLY – DEC 26 2024,,Lagwagon,Sick,,
692,SAD SONGS ONLY – DEC 26 2024,,Lawrence Arms,The Slowest Drink At The Saddest Bar On The Snowiest Day In The Greatest City,,
692,SAD SONGS ONLY – DEC 26 2024,,"Lekman, Jens",I’m Leaving You Because I Don’t Love You,,
692,SAD SONGS ONLY – DEC 26 2024,,"Lekman, Jens",The Opposite Of Hallelujah,,
692,SAD SONGS ONLY – DEC 26 2024,,"Lenderman, MJ",Wristwatch,,
692,SAD SONGS ONLY – DEC 26 2024,,"Lenker, Adrianne",Sadness As A Gift,,
692,SAD SONGS ONLY – DEC 26 2024,,"Lewis, Jenny",The Big Guns,,
692,SAD SONGS ONLY – DEC 26 2024,,Los Campesinos,The Sea Is A Good Place To Think Of The Future,,
692,SAD SONGS ONLY – DEC 26 2024,,Low,Just Make It Stop,,
692,SAD SONGS ONLY – DEC 26 2024,,Lush,For Love,,
692,SAD SONGS ONLY – DEC 26 2024,,Lush,Light From A Dead Star,,
692,SAD SONGS ONLY – DEC 26 2024,,Magnetic Fields,"Abigail, Belle Of Kilronan",,
692,SAD SONGS ONLY – DEC 26 2024,,Magnetic Fields,Acoustic Guitar,,
692,SAD SONGS ONLY – DEC 26 2024,,Magnetic Fields,All My Little Words,,
692,SAD SONGS ONLY – DEC 26 2024,,Magnetic Fields,All The Umbrellas In London,,
692,SAD SONGS ONLY – DEC 26 2024,,Magnetic Fields,Bitter Tears,,
692,SAD SONGS ONLY – DEC 26 2024,,Magnetic Fields,Busby Berkeley Dreams,,
692,SAD SONGS ONLY – DEC 26 2024,,Magnetic Fields,Come Back From San Francisco,,
692,SAD SONGS ONLY – DEC 26 2024,,Magnetic Fields,Epitaph For My Heart,,
692,SAD SONGS ONLY – DEC 26 2024,,Magnetic Fields,Grand Canyon,,
692,SAD SONGS ONLY – DEC 26 2024,,Magnetic Fields,How Fucking Romantic,,
692,SAD SONGS ONLY – DEC 26 2024,,Magnetic Fields,How To Say Goodbye,,
692,SAD SONGS ONLY – DEC 26 2024,,Magnetic Fields,I Can’t Touch You Anymore,,
692,SAD SONGS ONLY – DEC 26 2024,,Magnetic Fields,I Don’t Believe In The Sun,,
692,SAD SONGS ONLY – DEC 26 2024,,Magnetic Fields,I Don’t Want To Get Over You,,
692,SAD SONGS ONLY – DEC 26 2024,,Magnetic Fields,I Think I Need A New Heart,,
692,SAD SONGS ONLY – DEC 26 2024,,Magnetic Fields,I’m Sorry I Love You,,
692,SAD SONGS ONLY – DEC 26 2024,,Magnetic Fields,If You Don’t Cry,,
692,SAD SONGS ONLY – DEC 26 2024,,Magnetic Fields,It’s A Crime,,
692,SAD SONGS ONLY – DEC 26 2024,,Magnetic Fields,Long-Forgotten Fairytale,,
692,SAD SONGS ONLY – DEC 26 2024,,Magnetic Fields,Meaningless,,
692,SAD SONGS ONLY – DEC 26 2024,,Magnetic Fields,My Only Friend,,
692,SAD SONGS ONLY – DEC 26 2024,,Magnetic Fields,No One Will Ever Love You,,
692,SAD SONGS ONLY – DEC 26 2024,,Magnetic Fields,Parades Go By,,
692,SAD SONGS ONLY – DEC 26 2024,,Magnetic Fields,Promises Of Eternity,,
692,SAD SONGS ONLY – DEC 26 2024,,Magnetic Fields,Reno Dakota,,
692,SAD SONGS ONLY – DEC 26 2024,,Magnetic Fields,The Cactus Where Your Heart Should Be,,
692,SAD SONGS ONLY – DEC 26 2024,,Magnetic Fields,The Night You Can’t Remember,,
692,SAD SONGS ONLY – DEC 26 2024,,Magnetic Fields,The One You Really Love,,
692,SAD SONGS ONLY – DEC 26 2024,,Magnetic Fields,The Saddest Story Ever Told,,
692,SAD SONGS ONLY – DEC 26 2024,,Magnetic Fields,The Things We Did And Didn’t Do,,
692,SAD SONGS ONLY – DEC 26 2024,,Magnetic Fields,Very Funny,,
692,SAD SONGS ONLY – DEC 26 2024,,Magnetic Fields,"Yeah! Oh, Yeah!",,
692,SAD SONGS ONLY – DEC 26 2024,,Magnetic Fields,You’re My Only Home,,
692,SAD SONGS ONLY – DEC 26 2024,,Magnolia Electric Co.,The Dark Don’t Hide It,,
692,SAD SONGS ONLY – DEC 26 2024,,Man Man,Head On (Hold On To Your Heart),,
692,SAD SONGS ONLY – DEC 26 2024,,Mannequin Pussy,Drunk II,,
692,SAD SONGS ONLY – DEC 26 2024,,Marked Men,Fix My Brain,,
692,SAD SONGS ONLY – DEC 26 2024,,Mars Volta,Televators,,
692,SAD SONGS ONLY – DEC 26 2024,,Mazzy Star,Fade Into You,,
692,SAD SONGS ONLY – DEC 26 2024,,Mazzy Star,Halah,,
692,SAD SONGS ONLY – DEC 26 2024,,"McDowall, Rose",Tibet,,
692,SAD SONGS ONLY – DEC 26 2024,,Meat Puppets,Plateau,,
692,SAD SONGS ONLY – DEC 26 2024,,Menzingers,I Don’t Wanna Be An Asshole Anymore,,
692,SAD SONGS ONLY – DEC 26 2024,,Metric,Now Or Never Now,,
692,SAD SONGS ONLY – DEC 26 2024,,Mineral,Parking Lot,,
692,SAD SONGS ONLY – DEC 26 2024,,Minutemen,Jesus & Tequila,,
692,SAD SONGS ONLY – DEC 26 2024,,Mirah,Jerusalem,,
692,SAD SONGS ONLY – DEC 26 2024,,Mitski,A Pearl,,
692,SAD SONGS ONLY – DEC 26 2024,,Mitski,I Bet On Losing Dogs,,
692,SAD SONGS ONLY – DEC 26 2024,,Mitski,i will,,
692,SAD SONGS ONLY – DEC 26 2024,,Mitski,Lonesome Love,,
692,SAD SONGS ONLY – DEC 26 2024,,Mitski,Nobody,,
692,SAD SONGS ONLY – DEC 26 2024,,Mitski,Washing Machine Heart,,
692,SAD SONGS ONLY – DEC 26 2024,,Modern Baseball,"Fine, Great",,
692,SAD SONGS ONLY – DEC 26 2024,,Modest Mouse,Baby Blue Sedan,,
692,SAD SONGS ONLY – DEC 26 2024,,Modest Mouse,Bankrupt On Selling,,
692,SAD SONGS ONLY – DEC 26 2024,,Modest Mouse,Cowboy Dan,,
692,SAD SONGS ONLY – DEC 26 2024,,Modest Mouse,Dark Center Of The Universe,,
692,SAD SONGS ONLY – DEC 26 2024,,Modest Mouse,Dramamine,,
692,SAD SONGS ONLY – DEC 26 2024,,Modest Mouse,Trailer Trash,,
692,SAD SONGS ONLY – DEC 26 2024,,Modest Mouse,You’re The Good Things (It’s Alright To Die),,
692,SAD SONGS ONLY – DEC 26 2024,,Mogwai,R U Still In 2 It?,,
692,SAD SONGS ONLY – DEC 26 2024,,Morphine,Cure For Pain,,
692,SAD SONGS ONLY – DEC 26 2024,,Mountain Goats,Against Pollution,,
692,SAD SONGS ONLY – DEC 26 2024,,Mountain Goats,Cotton,,
692,SAD SONGS ONLY – DEC 26 2024,,Mountain Goats,Cry For Judas,,
692,SAD SONGS ONLY – DEC 26 2024,,Mountain Goats,Dance Music,,
692,SAD SONGS ONLY – DEC 26 2024,,Mountain Goats,Game Shows Touch Our Lives,,
692,SAD SONGS ONLY – DEC 26 2024,,Mountain Goats,No Children,,
692,SAD SONGS ONLY – DEC 26 2024,,Mountain Goats,Oceanographer’s Choice,,
692,SAD SONGS ONLY – DEC 26 2024,,Mountain Goats,Palmcorder Yajna,,
692,SAD SONGS ONLY – DEC 26 2024,,Mountain Goats,The Best Ever Death Metal Band In Denton,,
692,SAD SONGS ONLY – DEC 26 2024,,Mountain Goats,This Year,,
692,SAD SONGS ONLY – DEC 26 2024,,Mr. T Experience,Sackcloth And Ashes,,
692,SAD SONGS ONLY – DEC 26 2024,,"Muth, Zoe",You Only Believe Me When I’m Lying,,
692,SAD SONGS ONLY – DEC 26 2024,,Nana Grizol,Photos From When We Were Young,,
692,SAD SONGS ONLY – DEC 26 2024,,"Nastasia, Nina",A Dog’s Life,,
692,SAD SONGS ONLY – DEC 26 2024,,National,Fake Empire,,
692,SAD SONGS ONLY – DEC 26 2024,,National,Mr. November,,
692,SAD SONGS ONLY – DEC 26 2024,,National,Pink Rabbits,,
692,SAD SONGS ONLY – DEC 26 2024,,Nerves,Hanging On The Telephone,,
692,SAD SONGS ONLY – DEC 26 2024,,Neutral Milk Hotel,Communist Daughter,,
692,SAD SONGS ONLY – DEC 26 2024,,Neutral Milk Hotel,"Holland, 1945",,
692,SAD SONGS ONLY – DEC 26 2024,,Neutral Milk Hotel,In The Aeroplane Over The Sea,,
692,SAD SONGS ONLY – DEC 26 2024,,Neutral Milk Hotel,"King Of Carrot Flowers, Part 1",,
692,SAD SONGS ONLY – DEC 26 2024,,New Order,1963 (’95),,
692,SAD SONGS ONLY – DEC 26 2024,,New Order,Ceremony,,
692,SAD SONGS ONLY – DEC 26 2024,,New Order,Love Vigilantes,,
692,SAD SONGS ONLY – DEC 26 2024,,New Pornographers,Challengers,,
692,SAD SONGS ONLY – DEC 26 2024,,"Newsom, Joanna","Clam, Crab, Cockle, Cowrie",,
692,SAD SONGS ONLY – DEC 26 2024,,"Newsom, Joanna",Sadie,,
692,SAD SONGS ONLY – DEC 26 2024,,"Newsom, Joanna",The Book Of Right-On,,
692,SAD SONGS ONLY – DEC 26 2024,,Nico,These Days,,
692,SAD SONGS ONLY – DEC 26 2024,,No Use For A Name,Justified Black Eye,,
692,SAD SONGS ONLY – DEC 26 2024,,Normal,Warm Leatherette,,
692,SAD SONGS ONLY – DEC 26 2024,,"Numan, Gary (Tubeway Army)",Me! I Disconnect From You,,
692,SAD SONGS ONLY – DEC 26 2024,,Okkervil River,Black,,
692,SAD SONGS ONLY – DEC 26 2024,,Okkervil River,Westfall,,
692,SAD SONGS ONLY – DEC 26 2024,,Old 97’s,Big Brown Eyes,,
692,SAD SONGS ONLY – DEC 26 2024,,"Olsen, Angel",Never Be Mine,,
692,SAD SONGS ONLY – DEC 26 2024,,"Olsen, Angel",Shut Up Kiss Me,,
692,SAD SONGS ONLY – DEC 26 2024,,"Olsen, Angel",Some Things Cosmic,,
692,SAD SONGS ONLY – DEC 26 2024,,"Olsen, Angel",Unfucktheworld,,
692,SAD SONGS ONLY – DEC 26 2024,,Owen,"O, Evelyn",,
692,SAD SONGS ONLY – DEC 26 2024,,Palace Brothers,"For The Mekons, et al",,
692,SAD SONGS ONLY – DEC 26 2024,,"Palmer, Amanda",The Bed Song,,
692,SAD SONGS ONLY – DEC 26 2024,,Paramore,Brighter,,
692,SAD SONGS ONLY – DEC 26 2024,,Parenthetical Girls,A Song For Ellie Greenwich,,
692,SAD SONGS ONLY – DEC 26 2024,,Pennywise,Bro Hymn,,
692,SAD SONGS ONLY – DEC 26 2024,,"Phair, Liz",Divorce Song,,
692,SAD SONGS ONLY – DEC 26 2024,,"Phair, Liz",Fuck And Run,,
692,SAD SONGS ONLY – DEC 26 2024,,"Phair, Liz",Never Said,,
692,SAD SONGS ONLY – DEC 26 2024,,Pigeon Pit,Milk Crates,,
692,SAD SONGS ONLY – DEC 26 2024,,Pinback,Fortress,,
692,SAD SONGS ONLY – DEC 26 2024,,Pleasure Venom,Severed Ties,,
692,SAD SONGS ONLY – DEC 26 2024,,Pogues,A Pair Of Brown Eyes,,
692,SAD SONGS ONLY – DEC 26 2024,,Pogues,Thousands Are Sailing,,
692,SAD SONGS ONLY – DEC 26 2024,,Pom Pom Squad,Drunk Voicemail,,
692,SAD SONGS ONLY – DEC 26 2024,,"Pop, Iggy",How Do Ya Fix A Broken Part,,
692,SAD SONGS ONLY – DEC 26 2024,,Popper Burns,Sunday,,
692,SAD SONGS ONLY – DEC 26 2024,,Postal Service,Brand New Colony,,
692,SAD SONGS ONLY – DEC 26 2024,,Postal Service,Clark Gable,,
692,SAD SONGS ONLY – DEC 26 2024,,Postal Service,Nothing Better,,
692,SAD SONGS ONLY – DEC 26 2024,,Postal Service,Sleeping In,,
692,SAD SONGS ONLY – DEC 26 2024,,Poster Children,Rain On Me,,
692,SAD SONGS ONLY – DEC 26 2024,,Pretty Girls Make Graves,Sad Girls Por Vida,,
692,SAD SONGS ONLY – DEC 26 2024,,Promise Ring,A Picture Postcard,,
692,SAD SONGS ONLY – DEC 26 2024,,Pulley,Second Best,,
692,SAD SONGS ONLY – DEC 26 2024,,Pulp,Disco 2000,,
692,SAD SONGS ONLY – DEC 26 2024,,Pulp,Like A Friend,,
692,SAD SONGS ONLY – DEC 26 2024,,Pup,DVP,,
692,SAD SONGS ONLY – DEC 26 2024,,Purple Mountains,All My Happiness Is Gone,,
692,SAD SONGS ONLY – DEC 26 2024,,Q Lazzarus,Goodbye Horses,,
692,SAD SONGS ONLY – DEC 26 2024,,Quasi,The Poisoned Well,,
692,SAD SONGS ONLY – DEC 26 2024,,Quiet Company,The Easy Confidence,,
692,SAD SONGS ONLY – DEC 26 2024,,Rainer Maria,The Reason The Night Is Long,,
692,SAD SONGS ONLY – DEC 26 2024,,Replacements,Unsatisfied,,
692,SAD SONGS ONLY – DEC 26 2024,,Rilo Kiley,A Better Son/Daughter,,
692,SAD SONGS ONLY – DEC 26 2024,,Rilo Kiley,Does He Love You?,,
692,SAD SONGS ONLY – DEC 26 2024,,Rilo Kiley,Glendora,,
692,SAD SONGS ONLY – DEC 26 2024,,Rilo Kiley,More Adventurous,,
692,SAD SONGS ONLY – DEC 26 2024,,Rilo Kiley,Science Vs. Romance,,
692,SAD SONGS ONLY – DEC 26 2024,,Rilo Kiley,The Good That Won’t Come Out,,
692,SAD SONGS ONLY – DEC 26 2024,,Rites Of Spring,For Want Of,,
692,SAD SONGS ONLY – DEC 26 2024,,Rutabega,Come Back Big Brother,,
692,SAD SONGS ONLY – DEC 26 2024,,Rutabega,Shiny Destination,,
692,SAD SONGS ONLY – DEC 26 2024,,Sarge,Beguiling,,
692,SAD SONGS ONLY – DEC 26 2024,,Saves The Day,At Your Funeral,,
692,SAD SONGS ONLY – DEC 26 2024,,School Of Seven Bells,Half Asleep,,
692,SAD SONGS ONLY – DEC 26 2024,,"Scott-Heron, Gil",Home Is Where The Hatred Is,,
692,SAD SONGS ONLY – DEC 26 2024,,Sebadoh,Brand New Love (acoustic),,
692,SAD SONGS ONLY – DEC 26 2024,,Sebadoh,Pink Moon (by Nick Drake),,
692,SAD SONGS ONLY – DEC 26 2024,,Sebadoh,Too Pure,,
692,SAD SONGS ONLY – DEC 26 2024,,Shannon & The Clams,Baby Don’t Do It,,
692,SAD SONGS ONLY – DEC 26 2024,,Shannon & The Clams,Point Of Being Right,,
692,SAD SONGS ONLY – DEC 26 2024,,Shearwater,Century Eyes,,
692,SAD SONGS ONLY – DEC 26 2024,,Silkworm,Couldn’t You Wait,,
692,SAD SONGS ONLY – DEC 26 2024,,Silver Jews,Punks In The Beerlight,,
692,SAD SONGS ONLY – DEC 26 2024,,Silver Jews,Random Rules,,
692,SAD SONGS ONLY – DEC 26 2024,,Sincere Engineer,Trust Me,,
692,SAD SONGS ONLY – DEC 26 2024,,Siouxsie & The Banshees,Christine,,
692,SAD SONGS ONLY – DEC 26 2024,,Siouxsie & The Banshees,Cities In Dust,,
692,SAD SONGS ONLY – DEC 26 2024,,Siouxsie & The Banshees,Dazzle,,
692,SAD SONGS ONLY – DEC 26 2024,,Sleater-Kinney,Buy Her Candy,,
692,SAD SONGS ONLY – DEC 26 2024,,Sleater-Kinney,Dig Me Out,,
692,SAD SONGS ONLY – DEC 26 2024,,Sleater-Kinney,Heart Factory,,
692,SAD SONGS ONLY – DEC 26 2024,,Sleater-Kinney,Jumpers,,
692,SAD SONGS ONLY – DEC 26 2024,,Sleater-Kinney,Modern Girl,,
692,SAD SONGS ONLY – DEC 26 2024,,Sleater-Kinney,One More Hour,,
692,SAD SONGS ONLY – DEC 26 2024,,Slint,"Good Morning, Captain",,
692,SAD SONGS ONLY – DEC 26 2024,,Slits,I Heard It Through The Grapevine (by Marvin Gaye),,
692,SAD SONGS ONLY – DEC 26 2024,,Small Brown Bike,Like A Future With No Friend,,
692,SAD SONGS ONLY – DEC 26 2024,,"Smith, Elliott",Baby Britain,,
692,SAD SONGS ONLY – DEC 26 2024,,"Smith, Elliott",Ballad Of Big Nothing,,
692,SAD SONGS ONLY – DEC 26 2024,,"Smith, Elliott",Between The Bars,,
692,SAD SONGS ONLY – DEC 26 2024,,"Smith, Elliott",Can’t Make A Sound,,
692,SAD SONGS ONLY – DEC 26 2024,,"Smith, Elliott",Condor Ave.,,
692,SAD SONGS ONLY – DEC 26 2024,,"Smith, Elliott",King’s Crossing,,
692,SAD SONGS ONLY – DEC 26 2024,,"Smith, Elliott",Miss Misery,,
692,SAD SONGS ONLY – DEC 26 2024,,"Smith, Elliott",St. Ides Heaven,,
692,SAD SONGS ONLY – DEC 26 2024,,"Smith, Elliott",Strung Out Again,,
692,SAD SONGS ONLY – DEC 26 2024,,"Smith, Elliott",Twilight,,
692,SAD SONGS ONLY – DEC 26 2024,,"Smith, Elliott",Waltz #2 (XO),,
692,SAD SONGS ONLY – DEC 26 2024,,"Smith, Patti",Free Money,,
692,SAD SONGS ONLY – DEC 26 2024,,Smiths,Girlfriend In A Coma,,
692,SAD SONGS ONLY – DEC 26 2024,,Smiths,There Is A Light That Never Goes Out,,
692,SAD SONGS ONLY – DEC 26 2024,,Smiths,What Difference Does It Make?,,
692,SAD SONGS ONLY – DEC 26 2024,,Smog,Bathysphere,,
692,SAD SONGS ONLY – DEC 26 2024,,Smog,Dress Sexy At My Funeral,,
692,SAD SONGS ONLY – DEC 26 2024,,Smog,I Was A Stranger,,
692,SAD SONGS ONLY – DEC 26 2024,,Smoking Popes,Megan,,
692,SAD SONGS ONLY – DEC 26 2024,,Snail Mail,Full Control,,
692,SAD SONGS ONLY – DEC 26 2024,,Snail Mail,Valentine,,
692,SAD SONGS ONLY – DEC 26 2024,,Soccer Mommy,Circle The Drain,,
692,SAD SONGS ONLY – DEC 26 2024,,Soccer Mommy,Last Girl,,
692,SAD SONGS ONLY – DEC 26 2024,,Soccer Mommy,Your Dog,,
692,SAD SONGS ONLY – DEC 26 2024,,Somnia,(The Double Life Of) Ed Claiborne,,
692,SAD SONGS ONLY – DEC 26 2024,,Songs: Ohia,Farewell Transmission,,
692,SAD SONGS ONLY – DEC 26 2024,,Songs: Ohia,I’ve Been Riding With The Ghost,,
692,SAD SONGS ONLY – DEC 26 2024,,Songs: Ohia,Just Be Simple,,
692,SAD SONGS ONLY – DEC 26 2024,,Songs: Ohia,Lioness,,
692,SAD SONGS ONLY – DEC 26 2024,,Songs: Ohia,Tigress,,
692,SAD SONGS ONLY – DEC 26 2024,,Sonic Youth,Brother James,,
692,SAD SONGS ONLY – DEC 26 2024,,Spanish Love Songs,The Boy Considers His Haircut,,
692,SAD SONGS ONLY – DEC 26 2024,,Sparks,Here In Heaven,,
692,SAD SONGS ONLY – DEC 26 2024,,Spiritualized,The Straight & The Narrow,,
692,SAD SONGS ONLY – DEC 26 2024,,Spoon,10:20 a.m.,,
692,SAD SONGS ONLY – DEC 26 2024,,Spoon,Advance Cassette,,
692,SAD SONGS ONLY – DEC 26 2024,,Spoon,Anything You Want,,
692,SAD SONGS ONLY – DEC 26 2024,,Spoon,Don’t Let It Get You Down,,
692,SAD SONGS ONLY – DEC 26 2024,,Spoon,Laffitte Don’t Fail Me Now,,
692,SAD SONGS ONLY – DEC 26 2024,,Squirrel Flower,So Hot You’re Hurting My Feelings (by Caroline Polachek),,
692,SAD SONGS ONLY – DEC 26 2024,,St. Vincent,Cheerleader,,
692,SAD SONGS ONLY – DEC 26 2024,,St. Vincent,The Neighbors,,
692,SAD SONGS ONLY – DEC 26 2024,,Stars,Your Ex-Lover Is Dead,,
692,SAD SONGS ONLY – DEC 26 2024,,"Stevens, Sufjan",Chicago,,
692,SAD SONGS ONLY – DEC 26 2024,,"Stevens, Sufjan","John Wayne Gacy, Jr.",,
692,SAD SONGS ONLY – DEC 26 2024,,Stretch Panic,Vampire Love,,
692,SAD SONGS ONLY – DEC 26 2024,,Sun Kil Moon,Carry Me Ohio,,
692,SAD SONGS ONLY – DEC 26 2024,,Sun Kil Moon,Salvador Sanchez,,
692,SAD SONGS ONLY – DEC 26 2024,,"Sundfør, Susanne",Undercover,,
692,SAD SONGS ONLY – DEC 26 2024,,Sunny Day Real Estate,In Circles,,
692,SAD SONGS ONLY – DEC 26 2024,,Sunny Day Real Estate,Pillars,,
692,SAD SONGS ONLY – DEC 26 2024,,Sunny Day Real Estate,Seven,,
692,SAD SONGS ONLY – DEC 26 2024,,Swearin’,Kenosha,,
692,SAD SONGS ONLY – DEC 26 2024,,They Might Be Giants,Nightgown Of The Sullen Moon,,
692,SAD SONGS ONLY – DEC 26 2024,,Thinking Fellers Union Local 282,Noble Experiment,,
692,SAD SONGS ONLY – DEC 26 2024,,Title Fight,"Numb, But I Still Feel It",,
692,SAD SONGS ONLY – DEC 26 2024,,Tuscadero,Nancy Drew,,
692,SAD SONGS ONLY – DEC 26 2024,,TV On The Radio,Young Liars,,
692,SAD SONGS ONLY – DEC 26 2024,,Two Nice Girls,I Spent My Last US$10.00 (On Birth Control And Beer),,
692,SAD SONGS ONLY – DEC 26 2024,,U.S. Girls,Rage Of Plastics,,
692,SAD SONGS ONLY – DEC 26 2024,,Uncle Tupelo,No Depression,,
692,SAD SONGS ONLY – DEC 26 2024,,Urban Heat,Have You Ever?,,
692,SAD SONGS ONLY – DEC 26 2024,,"Van Etten, Sharon",Seventeen,,
692,SAD SONGS ONLY – DEC 26 2024,,"Van Etten, Sharon",Your Love Is Killing Me,,
692,SAD SONGS ONLY – DEC 26 2024,,Vandals,My Girlfriend’s Dead,,
692,SAD SONGS ONLY – DEC 26 2024,,"Vanderslice, John",Exodus Damage,,
692,SAD SONGS ONLY – DEC 26 2024,,"Vega, Suzanne",Left Of Center,,
692,SAD SONGS ONLY – DEC 26 2024,,"Veirs, Laura",Galaxies,,
692,SAD SONGS ONLY – DEC 26 2024,,"Vela, Ram & The Easy Targets",Reunited (And It Feels Like Shit),,
692,SAD SONGS ONLY – DEC 26 2024,,Velocity Girl,Pop Loser,,
692,SAD SONGS ONLY – DEC 26 2024,,Velvet Underground,All Tomorrow’s Parties,,
692,SAD SONGS ONLY – DEC 26 2024,,Velvet Underground,Femme Fatale,,
692,SAD SONGS ONLY – DEC 26 2024,,Walkmen,Thinking Of A Dream I Had,,
692,SAD SONGS ONLY – DEC 26 2024,,Warpaint,Ashes To Ashes (by David Bowie),,
692,SAD SONGS ONLY – DEC 26 2024,,Waxahatchee,Lilacs,,
692,SAD SONGS ONLY – DEC 26 2024,,Waxahatchee,Poison,,
692,SAD SONGS ONLY – DEC 26 2024,,Weakerthans,Aside,,
692,SAD SONGS ONLY – DEC 26 2024,,Weakerthans,Tournament Of Hearts,,
692,SAD SONGS ONLY – DEC 26 2024,,Weakerthans,Virtute The Cat Explains Her Departure,,
692,SAD SONGS ONLY – DEC 26 2024,,Ween,Chocolate Town,,
692,SAD SONGS ONLY – DEC 26 2024,,Weyes Blood,Andromeda,,
692,SAD SONGS ONLY – DEC 26 2024,,What Made Milwaukee Famous,Selling Yourself Short,,
692,SAD SONGS ONLY – DEC 26 2024,,Whiskeytown,Excuse Me While I Break My Own Heart Tonight,,
692,SAD SONGS ONLY – DEC 26 2024,,Wilco,How To Fight Loneliness,,
692,SAD SONGS ONLY – DEC 26 2024,,Wilco,"Jesus, Etc.",,
692,SAD SONGS ONLY – DEC 26 2024,,Wilco,Passenger Side,,
692,SAD SONGS ONLY – DEC 26 2024,,Wolf Parade,I’ll Believe In Anything,,
692,SAD SONGS ONLY – DEC 26 2024,,Wye Oak,Civilian,,
692,SAD SONGS ONLY – DEC 26 2024,,Wye Oak,I Hope You Die,,
692,SAD SONGS ONLY – DEC 26 2024,,X,I Must Not Think Bad Thoughts,,
692,SAD SONGS ONLY – DEC 26 2024,,Xiu Xiu,Falling (by Julee Cruise),,
692,SAD SONGS ONLY – DEC 26 2024,,Yeah Yeah Yeahs,Maps,,
692,SAD SONGS ONLY – DEC 26 2024,,Yo La Tengo,Autumn Sweater,,
692,SAD SONGS ONLY – DEC 26 2024,,Yo La Tengo,Sugarcube,,
692,SAD SONGS ONLY – DEC 26 2024,,Zen Guerrilla,Moonage Daydream (by David Bowie),,
835,SAD SONGS ONLY 2025,,…And You Will Know Us By The Trail Of Dead,"How Near, How Far",,
835,SAD SONGS ONLY 2025,,13th Floor Elevators,You’re Gonna Miss Me,,
835,SAD SONGS ONLY 2025,,6ths feat. Mary Timony,All Dressed Up In Dreams,,
835,SAD SONGS ONLY 2025,,7 Seconds,99 Red Balloons (by Nina Hagen),,
835,SAD SONGS ONLY 2025,,"Adams, Ryan",Come Pick Me Up,,
835,SAD SONGS ONLY 2025,,"Adams, Ryan",Magnolia Mountain,,
835,SAD SONGS ONLY 2025,,"Adams, Ryan","To Be Young (Is To Be Sad, Is To Be High)",,
835,SAD SONGS ONLY 2025,,Adorable,Sunshine Smile,,
835,SAD SONGS ONLY 2025,,Afghan Whigs,My Curse,,
835,SAD SONGS ONLY 2025,,Against Me!,Black Me Out,,
835,SAD SONGS ONLY 2025,,Against Me!,FuckMyLife666,,
835,SAD SONGS ONLY 2025,,Against Me!,Pints Of Guinness Make You Strong,,
835,SAD SONGS ONLY 2025,,Against Me!,True Trans Soul Rebel,,
835,SAD SONGS ONLY 2025,,Air Miami,I Hate Milk,,
835,SAD SONGS ONLY 2025,,AJJ,"Hate, Rain On Me",,
835,SAD SONGS ONLY 2025,,AJJ,People II: The Reckoning,,
835,SAD SONGS ONLY 2025,,Alkaline Trio,Maybe I’ll Catch Fire,,
835,SAD SONGS ONLY 2025,,Alkaline Trio,Radio,,
835,SAD SONGS ONLY 2025,,Alkaline Trio,San Francisco,,
835,SAD SONGS ONLY 2025,,ALL,Dot,,
835,SAD SONGS ONLY 2025,,ALL,Nothin’,,
835,SAD SONGS ONLY 2025,,ALL,Postage,,
835,SAD SONGS ONLY 2025,,Allo Darlin’,My Heart Is A Drummer,,
835,SAD SONGS ONLY 2025,,Alvvays,Belinda Says,,
835,SAD SONGS ONLY 2025,,Alvvays,Dreams Tonite,,
835,SAD SONGS ONLY 2025,,Alvvays,In Undertow,,
835,SAD SONGS ONLY 2025,,American Football,Never Meant,,
835,SAD SONGS ONLY 2025,,American Nightmare,AM/PM,,
835,SAD SONGS ONLY 2025,,Arcade Fire,Modern Man,,
835,SAD SONGS ONLY 2025,,Arcade Fire,Neighborhood #1 (Tunnels),,
835,SAD SONGS ONLY 2025,,Arcade Fire,Neighborhood #2 (Laika),,
835,SAD SONGS ONLY 2025,,Arcade Fire,Neighborhood #3 (Power Out),,
835,SAD SONGS ONLY 2025,,Archers Of Loaf,Wrong,,
835,SAD SONGS ONLY 2025,,At The Drive-in,Napoleon Solo,,
835,SAD SONGS ONLY 2025,,Bachelor,Stay In The Car,,
835,SAD SONGS ONLY 2025,,Bad Books,Pyotr,,
835,SAD SONGS ONLY 2025,,Bad Religion,21st Century Digital Boy,,
835,SAD SONGS ONLY 2025,,"Baker, Julien",Sour Breath,,
835,SAD SONGS ONLY 2025,,Band Of Horses,The Funeral,,
835,SAD SONGS ONLY 2025,,"Barnett, Courtney",Avant Gardener,,
835,SAD SONGS ONLY 2025,,"Barnett, Courtney",Before You Gotta Go,,
835,SAD SONGS ONLY 2025,,"Barnett, Courtney",Depreston,,
835,SAD SONGS ONLY 2025,,Basement,Covet,,
835,SAD SONGS ONLY 2025,,Bauhaus,Ziggy Stardust (by David Bowie),,
835,SAD SONGS ONLY 2025,,"Bell, Chris",I Am The Cosmos,,
835,SAD SONGS ONLY 2025,,Belle & Sebastian,"Get Me Away From Here, I’m Dying",,
835,SAD SONGS ONLY 2025,,Belle & Sebastian,If You’re Feeling Sinister,,
835,SAD SONGS ONLY 2025,,Belle & Sebastian,Judy And The Dream Of Horses,,
835,SAD SONGS ONLY 2025,,Belle & Sebastian,Lazy Line Painter Jane,,
835,SAD SONGS ONLY 2025,,Belle & Sebastian,Le Pastie De La Bourgeoisie,,
835,SAD SONGS ONLY 2025,,Belle & Sebastian,Like Dylan In The Movies,,
835,SAD SONGS ONLY 2025,,Belle & Sebastian,Lord Anthony,,
835,SAD SONGS ONLY 2025,,Belle & Sebastian,Mayfly,,
835,SAD SONGS ONLY 2025,,Belle & Sebastian,Me And The Major,,
835,SAD SONGS ONLY 2025,,Belle & Sebastian,Seeing Other People,,
835,SAD SONGS ONLY 2025,,Belle & Sebastian,The Boy Done Wrong Again,,
835,SAD SONGS ONLY 2025,,Belle & Sebastian,The Fox In The Snow,,
835,SAD SONGS ONLY 2025,,Belle & Sebastian,The Stars Of Track And Field,,
835,SAD SONGS ONLY 2025,,Best Coast,Better Girl,,
835,SAD SONGS ONLY 2025,,Best Coast,Boyfriend,,
835,SAD SONGS ONLY 2025,,Best Coast,Crazy For You,,
835,SAD SONGS ONLY 2025,,Beths,Future Me Hates Me,,
835,SAD SONGS ONLY 2025,,Better Oblivion Community Center,Dylan Thomas,,
835,SAD SONGS ONLY 2025,,Big Boys,Sound On Sound,,
835,SAD SONGS ONLY 2025,,Big Boys,Which Way To Go,,
835,SAD SONGS ONLY 2025,,Big Star,Holocaust,,
835,SAD SONGS ONLY 2025,,Big Star,September Gurls,,
835,SAD SONGS ONLY 2025,,Big Star,Thirteen,,
835,SAD SONGS ONLY 2025,,Big Thief,Mythological Beauty,,
835,SAD SONGS ONLY 2025,,Big Thief,Not,,
835,SAD SONGS ONLY 2025,,Big Thief,Shark Smile,,
835,SAD SONGS ONLY 2025,,Big Thief,Simulation Swarm,,
835,SAD SONGS ONLY 2025,,Big Thief,Vampire Empire,,
835,SAD SONGS ONLY 2025,,Bikini Kill,Feels Blind,,
835,SAD SONGS ONLY 2025,,Björk,Human Behavior,,
835,SAD SONGS ONLY 2025,,Black Dresses,Thoughts And Prayers,,
835,SAD SONGS ONLY 2025,,Black Flag,Depression,,
835,SAD SONGS ONLY 2025,,Black Heart Procession,A Light So Dim,,
835,SAD SONGS ONLY 2025,,Black Heart Procession,It’s A Crime I Never Told You About The Diamonds In Your Eyes,,
835,SAD SONGS ONLY 2025,,Black Heart Procession,Square Heart,,
835,SAD SONGS ONLY 2025,,Blonde Redhead,23,,
835,SAD SONGS ONLY 2025,,Blood Brothers,Love Rhymes With Hideous Car Wreck,,
835,SAD SONGS ONLY 2025,,Blow,True Affection,,
835,SAD SONGS ONLY 2025,,Bomb The Music Industry!,Everybody That You Love,,
835,SAD SONGS ONLY 2025,,Bonnie ‘Prince’ Billy,I See A Darkness,,
835,SAD SONGS ONLY 2025,,Bottle Rockets,Thousand Dollar Car,,
835,SAD SONGS ONLY 2025,,boygenius,Bite The Hand,,
835,SAD SONGS ONLY 2025,,boygenius,Me & My Dog,,
835,SAD SONGS ONLY 2025,,boygenius,Not Strong Enough,,
835,SAD SONGS ONLY 2025,,Bratmobile,Well You Wanna Know What,,
835,SAD SONGS ONLY 2025,,Breeders,Drivin’ On 9,,
835,SAD SONGS ONLY 2025,,Brian Jonestown Massacre,Anemone,,
835,SAD SONGS ONLY 2025,,"Bridgers, Phoebe",Kyoto,,
835,SAD SONGS ONLY 2025,,"Bridgers, Phoebe",Motion Sickness,,
835,SAD SONGS ONLY 2025,,"Bridgers, Phoebe",Scott Street,,
835,SAD SONGS ONLY 2025,,Bright Eyes,Bowl Of Oranges,,
835,SAD SONGS ONLY 2025,,Bright Eyes,Lover I Don’t Have To Love,,
835,SAD SONGS ONLY 2025,,Bright Eyes,Method Acting,,
835,SAD SONGS ONLY 2025,,Bright Eyes,Papa Was A Rodeo (by Magnetic Fields),,
835,SAD SONGS ONLY 2025,,Broken Social Scene,Anthems For A Seventeen-Year Old Girl,,
835,SAD SONGS ONLY 2025,,Built To Spill,Twin Falls,,
835,SAD SONGS ONLY 2025,,Bully,Trying,,
835,SAD SONGS ONLY 2025,,Buzzcocks,Ever Fallen In Love?,,
835,SAD SONGS ONLY 2025,,Buzzcocks,What Do I Get?,,
835,SAD SONGS ONLY 2025,,"Callahan, Bill",Too Many Birds,,
835,SAD SONGS ONLY 2025,,Camera Obscura,Lloyd I’m Ready To Be Heartbroken,,
835,SAD SONGS ONLY 2025,,Camera Obscura,The Sweetest Thing,,
835,SAD SONGS ONLY 2025,,Camper Van Beethoven,All Her Favorite Fruit,,
835,SAD SONGS ONLY 2025,,Car Seat Headrest,Unforgiving Girl (She’s Not An),,
835,SAD SONGS ONLY 2025,,Cartalk,Wrestling,,
835,SAD SONGS ONLY 2025,,"Case, Neko",Calling Cards,,
835,SAD SONGS ONLY 2025,,"Case, Neko",Deep Red Bells,,
835,SAD SONGS ONLY 2025,,"Case, Neko","Hold On, Hold On",,
835,SAD SONGS ONLY 2025,,"Case, Neko",I Wish I Was The Moon,,
835,SAD SONGS ONLY 2025,,"Case, Neko",Pretty Girls,,
835,SAD SONGS ONLY 2025,,"Case, Neko",Red Tide,,
835,SAD SONGS ONLY 2025,,"Case, Neko",Star Witness,,
835,SAD SONGS ONLY 2025,,"Case, Neko",That Teenage Feeling,,
835,SAD SONGS ONLY 2025,,"Case, Neko",This Tornado Loves You,,
835,SAD SONGS ONLY 2025,,Cat Power,Cherokee,,
835,SAD SONGS ONLY 2025,,Cat Power,Cross Bones Style,,
835,SAD SONGS ONLY 2025,,Cat Power,Nude As The News,,
835,SAD SONGS ONLY 2025,,"Cave, Nick & The Bad Seeds",I Let Love In,,
835,SAD SONGS ONLY 2025,,"Cave, Nick & The Bad Seeds",The Ship Song,,
835,SAD SONGS ONLY 2025,,Cayetana,"Scott Get The Van, I’m Moving",,
835,SAD SONGS ONLY 2025,,Charly Bliss,Capacity,,
835,SAD SONGS ONLY 2025,,Childbirth,I Only Fucked You As A Joke,,
835,SAD SONGS ONLY 2025,,Chills,Pink Frost,,
835,SAD SONGS ONLY 2025,,Clap Your Hands Say Yeah,The Skin Of My Yellow Country Teeth,,
835,SAD SONGS ONLY 2025,,Cleaners From Venus,Only A Shadow,,
835,SAD SONGS ONLY 2025,,Cloud Nothings,Pyschic Trauma,,
835,SAD SONGS ONLY 2025,,Cock Sparrer,Argy Bargy,,
835,SAD SONGS ONLY 2025,,Cocteau Twins,Cherry-Coloured Funk,,
835,SAD SONGS ONLY 2025,,Come,Shoot Me First,,
835,SAD SONGS ONLY 2025,,Company Of Thieves,After Thought,,
835,SAD SONGS ONLY 2025,,Converge,Homewrecker,,
835,SAD SONGS ONLY 2025,,"Costello, Elvis",This Is Hell,,
835,SAD SONGS ONLY 2025,,Cramps,I Was A Teenage Werewolf,,
835,SAD SONGS ONLY 2025,,Crass,Systematic Death,,
835,SAD SONGS ONLY 2025,,Crooked Fingers,New Drink For The Old Drunk,,
835,SAD SONGS ONLY 2025,,Crooked Fingers,Sleep All Summer,,
835,SAD SONGS ONLY 2025,,Crooked Fingers,Under Sad Stars,,
835,SAD SONGS ONLY 2025,,Cure,Boys Don’t Cry,,
835,SAD SONGS ONLY 2025,,Cure,Close To Me,,
835,SAD SONGS ONLY 2025,,Cure,Pictures Of You,,
835,SAD SONGS ONLY 2025,,Cure,The Hanging Garden,,
835,SAD SONGS ONLY 2025,,Cursive,Art Is Hard,,
835,SAD SONGS ONLY 2025,,Cursive,The Recluse,,
835,SAD SONGS ONLY 2025,,"Dacus, Lucy",Hot & Heavy,,
835,SAD SONGS ONLY 2025,,"Dacus, Lucy",I Don’t Wanna Be Funny Anymore,,
835,SAD SONGS ONLY 2025,,"Dacus, Lucy",Night Shift,,
835,SAD SONGS ONLY 2025,,Danzig,Blood And Tears,,
835,SAD SONGS ONLY 2025,,Dashboard Confessional,The Brilliant Dance,,
835,SAD SONGS ONLY 2025,,"Dawson, Kimya",All I Could Do,,
835,SAD SONGS ONLY 2025,,Dazey & The Scouts,Wet,,
835,SAD SONGS ONLY 2025,,Death Cab For Cutie,Title And Registration,,
835,SAD SONGS ONLY 2025,,Decemberists,The Chimbley Sweep,,
835,SAD SONGS ONLY 2025,,Desaparecidos,"Man And Wife, The Latter (Damaged Goods)",,
835,SAD SONGS ONLY 2025,,Descendents,Clean Sheets,,
835,SAD SONGS ONLY 2025,,Detroit Cobras,He Did It (by The Ronettes),,
835,SAD SONGS ONLY 2025,,DEVO,Beautiful World,,
835,SAD SONGS ONLY 2025,,Diet Cig,Harvard,,
835,SAD SONGS ONLY 2025,,"DiFranco, Ani",Both Hands,,
835,SAD SONGS ONLY 2025,,"DiFranco, Ani",Untouchable Face,,
835,SAD SONGS ONLY 2025,,Dinosaur Jr,Just Like Heaven (by The Cure),,
835,SAD SONGS ONLY 2025,,Dismemberment Plan,A Life Of Possibilities,,
835,SAD SONGS ONLY 2025,,Dismemberment Plan,The City,,
835,SAD SONGS ONLY 2025,,Dismemberment Plan,The Ice Of Boston,,
835,SAD SONGS ONLY 2025,,Dismemberment Plan,Time Bomb,,
835,SAD SONGS ONLY 2025,,Distillers,City Of Angels,,
835,SAD SONGS ONLY 2025,,Distillers,Drain The Blood,,
835,SAD SONGS ONLY 2025,,Distillers,I Am A Revenant,,
835,SAD SONGS ONLY 2025,,Dollyrots,My Best Friend’s Hot,,
835,SAD SONGS ONLY 2025,,Dream Syndicate,Tell Me When It’s Over,,
835,SAD SONGS ONLY 2025,,Dresden Dolls,My Alcoholic Friends,,
835,SAD SONGS ONLY 2025,,Dum Dum Girls,Coming Down,,
835,SAD SONGS ONLY 2025,,Dum Dum Girls,It Only Takes One Night,,
835,SAD SONGS ONLY 2025,,Eisley,Real World,,
835,SAD SONGS ONLY 2025,,"Erickson, Roky",You Don’t Love Me Yet,,
835,SAD SONGS ONLY 2025,,ESG,You’re No Good,,
835,SAD SONGS ONLY 2025,,Face To Face,Blind,,
835,SAD SONGS ONLY 2025,,Faint,Agenda Suicide,,
835,SAD SONGS ONLY 2025,,Fleet Foxes,Mykonos,,
835,SAD SONGS ONLY 2025,,Fleet Foxes,White Winter Hymnal,,
835,SAD SONGS ONLY 2025,,Fontaines D.C.,Jackie Down The Line,,
835,SAD SONGS ONLY 2025,,Foxygen,San Francisco,,
835,SAD SONGS ONLY 2025,,Frankie Cosmos,Young,,
835,SAD SONGS ONLY 2025,,Frightened Rabbit,Head Rolls Off,,
835,SAD SONGS ONLY 2025,,Front Bottoms,Lone Star,,
835,SAD SONGS ONLY 2025,,Front Bottoms,Twin Size Mattress,,
835,SAD SONGS ONLY 2025,,"Frost, Edith",Cars And Parties,,
835,SAD SONGS ONLY 2025,,"Frost, Edith",You Belong To No One,,
835,SAD SONGS ONLY 2025,,Fugazi,I’m So Tired,,
835,SAD SONGS ONLY 2025,,"Furman, Ezra",Transition From Nowhere To Nowhere,,
835,SAD SONGS ONLY 2025,,Fuvk,Glasses,,
835,SAD SONGS ONLY 2025,,"Gary, The",(Eyes In The) Tap Room,,
835,SAD SONGS ONLY 2025,,Get Up Kids,Holiday,,
835,SAD SONGS ONLY 2025,,Get Up Kids,Ten Minutes,,
835,SAD SONGS ONLY 2025,,Ghostland Observatory,Sad Sad City,,
835,SAD SONGS ONLY 2025,,Girls,Hellhole Ratrace,,
835,SAD SONGS ONLY 2025,,"Golightly, Holly",There’s An End,,
835,SAD SONGS ONLY 2025,,Good Life,Lovers Need Lawyers,,
835,SAD SONGS ONLY 2025,,Good Riddance,Better,,
835,SAD SONGS ONLY 2025,,Grifters,Bummer,,
835,SAD SONGS ONLY 2025,,Guided By Voices,Game Of Pricks,,
835,SAD SONGS ONLY 2025,,Guided By Voices,If We Wait,,
835,SAD SONGS ONLY 2025,,Handsome Family,Weightless Again,,
835,SAD SONGS ONLY 2025,,"Harvey, PJ",Rid Of Me,,
835,SAD SONGS ONLY 2025,,Heartless Bastards,The Mountain,,
835,SAD SONGS ONLY 2025,,Heatmiser,Antonio Carlos Jobim,,
835,SAD SONGS ONLY 2025,,Helium,Honeycomb,,
835,SAD SONGS ONLY 2025,,Hole,Jennifer’s Body,,
835,SAD SONGS ONLY 2025,,Hop Along,How Simple,,
835,SAD SONGS ONLY 2025,,Hop Along,Tibetan Pop Stars,,
835,SAD SONGS ONLY 2025,,Hot Water Music,Not For Anyone,,
835,SAD SONGS ONLY 2025,,Hot Water Music,Trusty Chords,,
835,SAD SONGS ONLY 2025,,Hotelier,Your Deep Rest,,
835,SAD SONGS ONLY 2025,,Hum,Step Into You,,
835,SAD SONGS ONLY 2025,,Hüsker Dü,Don’t Want To Know If You Are Lonely,,
835,SAD SONGS ONLY 2025,,Hüsker Dü,I Apologize,,
835,SAD SONGS ONLY 2025,,Hüsker Dü,Makes No Sense At All,,
835,SAD SONGS ONLY 2025,,Hüsker Dü,Never Talking To You Again,,
835,SAD SONGS ONLY 2025,,"Hval, Jenny",Ashes To Ashes,,
835,SAD SONGS ONLY 2025,,I Love You But I’ve Chosen Darkness,According To Plan,,
835,SAD SONGS ONLY 2025,,Inspiral Carpets,This Is How It Feels,,
835,SAD SONGS ONLY 2025,,Interpol,Leif Erikson,,
835,SAD SONGS ONLY 2025,,Interpol,NYC,,
835,SAD SONGS ONLY 2025,,Interpol,Rest My Chemistry,,
835,SAD SONGS ONLY 2025,,"Jacklin, Julia",Pressure To Party,,
835,SAD SONGS ONLY 2025,,Japanese Breakfast,Road Head,,
835,SAD SONGS ONLY 2025,,Jawbox,Savory,,
835,SAD SONGS ONLY 2025,,Jawbreaker,Do You Still Hate Me?,,
835,SAD SONGS ONLY 2025,,Jawbreaker,Kiss The Bottle,,
835,SAD SONGS ONLY 2025,,Jets To Brazil,Chinatown,,
835,SAD SONGS ONLY 2025,,Jets To Brazil,Sweet Avenue,,
835,SAD SONGS ONLY 2025,,Jim Carroll Band,People Who Died,,
835,SAD SONGS ONLY 2025,,Jimmy Eat World,Lucky Denver Mint,,
835,SAD SONGS ONLY 2025,,"Johnston, Daniel",True Love Will Find You In The End,,
835,SAD SONGS ONLY 2025,,Joy Division,Dead Souls,,
835,SAD SONGS ONLY 2025,,Joy Division,Insight,,
835,SAD SONGS ONLY 2025,,Joy Division,Isolation,,
835,SAD SONGS ONLY 2025,,Joy Division,Love Will Tear Us Apart,,
835,SAD SONGS ONLY 2025,,Joy Division,New Dawn Fades,,
835,SAD SONGS ONLY 2025,,Joy Division,Twenty Four Hours,,
835,SAD SONGS ONLY 2025,,Joyce Manor,Constant Headache,,
835,SAD SONGS ONLY 2025,,Juliana Hatfield Three,Spin The Bottle,,
835,SAD SONGS ONLY 2025,,Kiltro,The Drunk,,
835,SAD SONGS ONLY 2025,,La Dispute,Such Small Hands,,
835,SAD SONGS ONLY 2025,,La Luz,Sure As Spring,,
835,SAD SONGS ONLY 2025,,La’s,There She Goes,,
835,SAD SONGS ONLY 2025,,Ladytron,Destroy Everything You Touch,,
835,SAD SONGS ONLY 2025,,Lagwagon,Sick,,
835,SAD SONGS ONLY 2025,,Lawrence Arms,The Slowest Drink At The Saddest Bar On The Snowiest Day In The Greatest City,,
835,SAD SONGS ONLY 2025,,"Lekman, Jens",I’m Leaving You Because I Don’t Love You,,
835,SAD SONGS ONLY 2025,,"Lekman, Jens",The Opposite Of Hallelujah,,
835,SAD SONGS ONLY 2025,,"Lenderman, MJ",Wristwatch,,
835,SAD SONGS ONLY 2025,,"Lenker, Adrianne",Sadness As A Gift,,
835,SAD SONGS ONLY 2025,,"Lewis, Jenny",The Big Guns,,
835,SAD SONGS ONLY 2025,,Los Campesinos,The Sea Is A Good Place To Think Of The Future,,
835,SAD SONGS ONLY 2025,,Low,Just Make It Stop,,
835,SAD SONGS ONLY 2025,,Lush,For Love,,
835,SAD SONGS ONLY 2025,,Lush,Light From A Dead Star,,
835,SAD SONGS ONLY 2025,,"Lynch, David",In Heaven (Lady In The Radiator Song),,
835,SAD SONGS ONLY 2025,,Magnetic Fields,"Abigail, Belle Of Kilronan",,
835,SAD SONGS ONLY 2025,,Magnetic Fields,Acoustic Guitar,,
835,SAD SONGS ONLY 2025,,Magnetic Fields,All My Little Words,,
835,SAD SONGS ONLY 2025,,Magnetic Fields,All The Umbrellas In London,,
835,SAD SONGS ONLY 2025,,Magnetic Fields,Bitter Tears,,
835,SAD SONGS ONLY 2025,,Magnetic Fields,Busby Berkeley Dreams,,
835,SAD SONGS ONLY 2025,,Magnetic Fields,Come Back From San Francisco,,
835,SAD SONGS ONLY 2025,,Magnetic Fields,Epitaph For My Heart,,
835,SAD SONGS ONLY 2025,,Magnetic Fields,Grand Canyon,,
835,SAD SONGS ONLY 2025,,Magnetic Fields,How Fucking Romantic,,
835,SAD SONGS ONLY 2025,,Magnetic Fields,How To Say Goodbye,,
835,SAD SONGS ONLY 2025,,Magnetic Fields,I Can’t Touch You Anymore,,
835,SAD SONGS ONLY 2025,,Magnetic Fields,I Don’t Believe In The Sun,,
835,SAD SONGS ONLY 2025,,Magnetic Fields,I Don’t Want To Get Over You,,
835,SAD SONGS ONLY 2025,,Magnetic Fields,I Think I Need A New Heart,,
835,SAD SONGS ONLY 2025,,Magnetic Fields,I’m Sorry I Love You,,
835,SAD SONGS ONLY 2025,,Magnetic Fields,If You Don’t Cry,,
835,SAD SONGS ONLY 2025,,Magnetic Fields,It’s A Crime,,
835,SAD SONGS ONLY 2025,,Magnetic Fields,Long-Forgotten Fairytale,,
835,SAD SONGS ONLY 2025,,Magnetic Fields,Meaningless,,
835,SAD SONGS ONLY 2025,,Magnetic Fields,My Only Friend,,
835,SAD SONGS ONLY 2025,,Magnetic Fields,No One Will Ever Love You,,
835,SAD SONGS ONLY 2025,,Magnetic Fields,Parades Go By,,
835,SAD SONGS ONLY 2025,,Magnetic Fields,Promises Of Eternity,,
835,SAD SONGS ONLY 2025,,Magnetic Fields,Reno Dakota,,
835,SAD SONGS ONLY 2025,,Magnetic Fields,The Cactus Where Your Heart Should Be,,
835,SAD SONGS ONLY 2025,,Magnetic Fields,The Night You Can’t Remember,,
835,SAD SONGS ONLY 2025,,Magnetic Fields,The One You Really Love,,
835,SAD SONGS ONLY 2025,,Magnetic Fields,The Saddest Story Ever Told,,
835,SAD SONGS ONLY 2025,,Magnetic Fields,The Things We Did And Didn’t Do,,
835,SAD SONGS ONLY 2025,,Magnetic Fields,Very Funny,,
835,SAD SONGS ONLY 2025,,Magnetic Fields,"Yeah! Oh, Yeah!",,
835,SAD SONGS ONLY 2025,,Magnetic Fields,You’re My Only Home,,
835,SAD SONGS ONLY 2025,,Magnolia Electric Co.,The Dark Don’t Hide It,,
835,SAD SONGS ONLY 2025,,Man Man,Head On (Hold On To Your Heart),,
835,SAD SONGS ONLY 2025,,Mannequin Pussy,Drunk II,,
835,SAD SONGS ONLY 2025,,Marked Men,Fix My Brain,,
835,SAD SONGS ONLY 2025,,Mars Volta,Televators,,
835,SAD SONGS ONLY 2025,,Mars Volta,The Widow,,
835,SAD SONGS ONLY 2025,,Mazzy Star,Fade Into You,,
835,SAD SONGS ONLY 2025,,Mazzy Star,Halah,,
835,SAD SONGS ONLY 2025,,"McDowall, Rose",Tibet,,
835,SAD SONGS ONLY 2025,,Meat Puppets,Plateau,,
835,SAD SONGS ONLY 2025,,Menzingers,I Don’t Wanna Be An Asshole Anymore,,
835,SAD SONGS ONLY 2025,,Metric,Now Or Never Now,,
835,SAD SONGS ONLY 2025,,Mineral,Parking Lot,,
835,SAD SONGS ONLY 2025,,Minutemen,Jesus & Tequila,,
835,SAD SONGS ONLY 2025,,Mirah,Jerusalem,,
835,SAD SONGS ONLY 2025,,Mitski,A Pearl,,
835,SAD SONGS ONLY 2025,,Mitski,I Bet On Losing Dogs,,
835,SAD SONGS ONLY 2025,,Mitski,i will,,
835,SAD SONGS ONLY 2025,,Mitski,Lonesome Love,,
835,SAD SONGS ONLY 2025,,Mitski,Nobody,,
835,SAD SONGS ONLY 2025,,Mitski,Washing Machine Heart,,
835,SAD SONGS ONLY 2025,,Modern Baseball,"Fine, Great",,
835,SAD SONGS ONLY 2025,,Modest Mouse,Baby Blue Sedan,,
835,SAD SONGS ONLY 2025,,Modest Mouse,Bankrupt On Selling,,
835,SAD SONGS ONLY 2025,,Modest Mouse,Cowboy Dan,,
835,SAD SONGS ONLY 2025,,Modest Mouse,Dark Center Of The Universe,,
835,SAD SONGS ONLY 2025,,Modest Mouse,Dramamine,,
835,SAD SONGS ONLY 2025,,Modest Mouse,Trailer Trash,,
835,SAD SONGS ONLY 2025,,Modest Mouse,You’re The Good Things (It’s Alright To Die),,
835,SAD SONGS ONLY 2025,,Mogwai,R U Still In 2 It?,,
835,SAD SONGS ONLY 2025,,Morphine,Cure For Pain,,
835,SAD SONGS ONLY 2025,,Mountain Goats,Against Pollution,,
835,SAD SONGS ONLY 2025,,Mountain Goats,Cotton,,
835,SAD SONGS ONLY 2025,,Mountain Goats,Cry For Judas,,
835,SAD SONGS ONLY 2025,,Mountain Goats,Dance Music,,
835,SAD SONGS ONLY 2025,,Mountain Goats,Game Shows Touch Our Lives,,
835,SAD SONGS ONLY 2025,,Mountain Goats,No Children,,
835,SAD SONGS ONLY 2025,,Mountain Goats,Oceanographer’s Choice,,
835,SAD SONGS ONLY 2025,,Mountain Goats,Palmcorder Yajna,,
835,SAD SONGS ONLY 2025,,Mountain Goats,The Best Ever Death Metal Band In Denton,,
835,SAD SONGS ONLY 2025,,Mountain Goats,This Year,,
835,SAD SONGS ONLY 2025,,Movements,Daylily,,
835,SAD SONGS ONLY 2025,,Mr. T Experience,Sackcloth And Ashes,,
835,SAD SONGS ONLY 2025,,"Muth, Zoe",You Only Believe Me When I’m Lying,,
835,SAD SONGS ONLY 2025,,Nana Grizol,Photos From When We Were Young,,
835,SAD SONGS ONLY 2025,,"Nastasia, Nina",A Dog’s Life,,
835,SAD SONGS ONLY 2025,,National,Fake Empire,,
835,SAD SONGS ONLY 2025,,National,Mr. November,,
835,SAD SONGS ONLY 2025,,National,Pink Rabbits,,
835,SAD SONGS ONLY 2025,,Nerves,Hanging On The Telephone,,
835,SAD SONGS ONLY 2025,,Neutral Milk Hotel,Communist Daughter,,
835,SAD SONGS ONLY 2025,,Neutral Milk Hotel,"Holland, 1945",,
835,SAD SONGS ONLY 2025,,Neutral Milk Hotel,In The Aeroplane Over The Sea,,
835,SAD SONGS ONLY 2025,,Neutral Milk Hotel,"King Of Carrot Flowers, Part 1",,
835,SAD SONGS ONLY 2025,,New Order,1963 (’95),,
835,SAD SONGS ONLY 2025,,New Order,Ceremony,,
835,SAD SONGS ONLY 2025,,New Order,Love Vigilantes,,
835,SAD SONGS ONLY 2025,,New Pornographers,Challengers,,
835,SAD SONGS ONLY 2025,,"Newsom, Joanna","Clam, Crab, Cockle, Cowrie",,
835,SAD SONGS ONLY 2025,,"Newsom, Joanna",Sadie,,
835,SAD SONGS ONLY 2025,,"Newsom, Joanna",The Book Of Right-On,,
835,SAD SONGS ONLY 2025,,Nico,These Days,,
835,SAD SONGS ONLY 2025,,No Use For A Name,Justified Black Eye,,
835,SAD SONGS ONLY 2025,,Normal,Warm Leatherette,,
835,SAD SONGS ONLY 2025,,"Numan, Gary (Tubeway Army)",Me! I Disconnect From You,,
835,SAD SONGS ONLY 2025,,Okkervil River,Black,,
835,SAD SONGS ONLY 2025,,Okkervil River,Westfall,,
835,SAD SONGS ONLY 2025,,Old 97’s,Big Brown Eyes,,
835,SAD SONGS ONLY 2025,,"Olsen, Angel",Never Be Mine,,
835,SAD SONGS ONLY 2025,,"Olsen, Angel",Shut Up Kiss Me,,
835,SAD SONGS ONLY 2025,,"Olsen, Angel",Some Things Cosmic,,
835,SAD SONGS ONLY 2025,,"Olsen, Angel",Unfucktheworld,,
835,SAD SONGS ONLY 2025,,Owen,"O, Evelyn",,
835,SAD SONGS ONLY 2025,,Palace Brothers,"For The Mekons, et al",,
835,SAD SONGS ONLY 2025,,"Palmer, Amanda",The Bed Song,,
835,SAD SONGS ONLY 2025,,Paramore,Brighter,,
835,SAD SONGS ONLY 2025,,Parenthetical Girls,A Song For Ellie Greenwich,,
835,SAD SONGS ONLY 2025,,Pennywise,Bro Hymn,,
835,SAD SONGS ONLY 2025,,"Phair, Liz",Divorce Song,,
835,SAD SONGS ONLY 2025,,"Phair, Liz",Fuck And Run,,
835,SAD SONGS ONLY 2025,,"Phair, Liz",Never Said,,
835,SAD SONGS ONLY 2025,,Pigeon Pit,Milk Crates,,
835,SAD SONGS ONLY 2025,,Pinback,Fortress,,
835,SAD SONGS ONLY 2025,,Pleasure Venom,Severed Ties,,
835,SAD SONGS ONLY 2025,,Pogues,A Pair Of Brown Eyes,,
835,SAD SONGS ONLY 2025,,Pogues,Thousands Are Sailing,,
835,SAD SONGS ONLY 2025,,Pom Pom Squad,Drunk Voicemail,,
835,SAD SONGS ONLY 2025,,"Pop, Iggy",How Do Ya Fix A Broken Part,,
835,SAD SONGS ONLY 2025,,Popper Burns,Sunday,,
835,SAD SONGS ONLY 2025,,Postal Service,Brand New Colony,,
835,SAD SONGS ONLY 2025,,Postal Service,Clark Gable,,
835,SAD SONGS ONLY 2025,,Postal Service,Nothing Better,,
835,SAD SONGS ONLY 2025,,Postal Service,Sleeping In,,
835,SAD SONGS ONLY 2025,,Poster Children,Rain On Me,,
835,SAD SONGS ONLY 2025,,Pretty Girls Make Graves,Sad Girls Por Vida,,
835,SAD SONGS ONLY 2025,,Promise Ring,A Picture Postcard,,
835,SAD SONGS ONLY 2025,,Pulley,Second Best,,
835,SAD SONGS ONLY 2025,,Pulp,Disco 2000,,
835,SAD SONGS ONLY 2025,,Pulp,Like A Friend,,
835,SAD SONGS ONLY 2025,,Pup,DVP,,
835,SAD SONGS ONLY 2025,,Purple Mountains,All My Happiness Is Gone,,
835,SAD SONGS ONLY 2025,,Q Lazzarus,Goodbye Horses,,
835,SAD SONGS ONLY 2025,,Quasi,The Poisoned Well,,
835,SAD SONGS ONLY 2025,,Quiet Company,The Easy Confidence,,
835,SAD SONGS ONLY 2025,,Rainer Maria,The Reason The Night Is Long,,
835,SAD SONGS ONLY 2025,,Ramones,Pet Sematary,,
835,SAD SONGS ONLY 2025,,Replacements,Unsatisfied,,
835,SAD SONGS ONLY 2025,,Rilo Kiley,A Better Son/Daughter,,
835,SAD SONGS ONLY 2025,,Rilo Kiley,Does He Love You?,,
835,SAD SONGS ONLY 2025,,Rilo Kiley,Glendora,,
835,SAD SONGS ONLY 2025,,Rilo Kiley,More Adventurous,,
835,SAD SONGS ONLY 2025,,Rilo Kiley,Science Vs. Romance,,
835,SAD SONGS ONLY 2025,,Rilo Kiley,The Good That Won’t Come Out,,
835,SAD SONGS ONLY 2025,,Rites Of Spring,For Want Of,,
835,SAD SONGS ONLY 2025,,Rutabega,Come Back Big Brother,,
835,SAD SONGS ONLY 2025,,Rutabega,Shiny Destination,,
835,SAD SONGS ONLY 2025,,Sarge,Beguiling,,
835,SAD SONGS ONLY 2025,,Saves The Day,At Your Funeral,,
835,SAD SONGS ONLY 2025,,Say Anything,Alive With The Glory Of Love,,
835,SAD SONGS ONLY 2025,,School Of Seven Bells,Half Asleep,,
835,SAD SONGS ONLY 2025,,"Scott-Heron, Gil",Home Is Where The Hatred Is,,
835,SAD SONGS ONLY 2025,,Screaming Females,Ripe,,
835,SAD SONGS ONLY 2025,,Sebadoh,Brand New Love (acoustic),,
835,SAD SONGS ONLY 2025,,Sebadoh,Pink Moon (by Nick Drake),,
835,SAD SONGS ONLY 2025,,Sebadoh,Too Pure,,
835,SAD SONGS ONLY 2025,,Shannon & The Clams,Baby Don’t Do It,,
835,SAD SONGS ONLY 2025,,Shannon & The Clams,Point Of Being Right,,
835,SAD SONGS ONLY 2025,,Shearwater,Century Eyes,,
835,SAD SONGS ONLY 2025,,Silkworm,Couldn’t You Wait,,
835,SAD SONGS ONLY 2025,,Silver Jews,Punks In The Beerlight,,
835,SAD SONGS ONLY 2025,,Silver Jews,Random Rules,,
835,SAD SONGS ONLY 2025,,Sincere Engineer,Trust Me,,
835,SAD SONGS ONLY 2025,,Siouxsie & The Banshees,Christine,,
835,SAD SONGS ONLY 2025,,Siouxsie & The Banshees,Cities In Dust,,
835,SAD SONGS ONLY 2025,,Siouxsie & The Banshees,Dazzle,,
835,SAD SONGS ONLY 2025,,Sleater-Kinney,Buy Her Candy,,
835,SAD SONGS ONLY 2025,,Sleater-Kinney,Dig Me Out,,
835,SAD SONGS ONLY 2025,,Sleater-Kinney,Heart Factory,,
835,SAD SONGS ONLY 2025,,Sleater-Kinney,Jumpers,,
835,SAD SONGS ONLY 2025,,Sleater-Kinney,Modern Girl,,
835,SAD SONGS ONLY 2025,,Sleater-Kinney,One More Hour,,
835,SAD SONGS ONLY 2025,,Slint,"Good Morning, Captain",,
835,SAD SONGS ONLY 2025,,Slits,I Heard It Through The Grapevine (by Marvin Gaye),,
835,SAD SONGS ONLY 2025,,Small Brown Bike,Like A Future With No Friend,,
835,SAD SONGS ONLY 2025,,"Smith, Elliott",Baby Britain,,
835,SAD SONGS ONLY 2025,,"Smith, Elliott",Ballad Of Big Nothing,,
835,SAD SONGS ONLY 2025,,"Smith, Elliott",Between The Bars,,
835,SAD SONGS ONLY 2025,,"Smith, Elliott",Can’t Make A Sound,,
835,SAD SONGS ONLY 2025,,"Smith, Elliott",Condor Ave.,,
835,SAD SONGS ONLY 2025,,"Smith, Elliott",King’s Crossing,,
835,SAD SONGS ONLY 2025,,"Smith, Elliott",Miss Misery,,
835,SAD SONGS ONLY 2025,,"Smith, Elliott",Say Yes,,
835,SAD SONGS ONLY 2025,,"Smith, Elliott",St. Ides Heaven,,
835,SAD SONGS ONLY 2025,,"Smith, Elliott",Strung Out Again,,
835,SAD SONGS ONLY 2025,,"Smith, Elliott",Twilight,,
835,SAD SONGS ONLY 2025,,"Smith, Elliott",Waltz #2 (XO),,
835,SAD SONGS ONLY 2025,,"Smith, Patti",Free Money,,
835,SAD SONGS ONLY 2025,,Smiths,Girlfriend In A Coma,,
835,SAD SONGS ONLY 2025,,Smiths,Rusholme Ruffians,,
835,SAD SONGS ONLY 2025,,Smiths,There Is A Light That Never Goes Out,,
835,SAD SONGS ONLY 2025,,Smiths,What Difference Does It Make?,,
835,SAD SONGS ONLY 2025,,Smog,Bathysphere,,
835,SAD SONGS ONLY 2025,,Smog,Dress Sexy At My Funeral,,
835,SAD SONGS ONLY 2025,,Smog,I Was A Stranger,,
835,SAD SONGS ONLY 2025,,Smoking Popes,Megan,,
835,SAD SONGS ONLY 2025,,Snail Mail,Full Control,,
835,SAD SONGS ONLY 2025,,Snail Mail,Valentine,,
835,SAD SONGS ONLY 2025,,Soccer Mommy,Circle The Drain,,
835,SAD SONGS ONLY 2025,,Soccer Mommy,Last Girl,,
835,SAD SONGS ONLY 2025,,Soccer Mommy,Your Dog,,
835,SAD SONGS ONLY 2025,,Somnia,(The Double Life Of) Ed Claiborne,,
835,SAD SONGS ONLY 2025,,Songs: Ohia,Farewell Transmission,,
835,SAD SONGS ONLY 2025,,Songs: Ohia,I’ve Been Riding With The Ghost,,
835,SAD SONGS ONLY 2025,,Songs: Ohia,Just Be Simple,,
835,SAD SONGS ONLY 2025,,Songs: Ohia,Lioness,,
835,SAD SONGS ONLY 2025,,Songs: Ohia,Tigress,,
835,SAD SONGS ONLY 2025,,Sonic Youth,Brother James,,
835,SAD SONGS ONLY 2025,,Spanish Love Songs,The Boy Considers His Haircut,,
835,SAD SONGS ONLY 2025,,Sparks,Here In Heaven,,
835,SAD SONGS ONLY 2025,,Spiritualized,The Straight & The Narrow,,
835,SAD SONGS ONLY 2025,,Spoon,10:20 a.m.,,
835,SAD SONGS ONLY 2025,,Spoon,Advance Cassette,,
835,SAD SONGS ONLY 2025,,Spoon,Anything You Want,,
835,SAD SONGS ONLY 2025,,Spoon,Don’t Let It Get You Down,,
835,SAD SONGS ONLY 2025,,Spoon,Laffitte Don’t Fail Me Now,,
835,SAD SONGS ONLY 2025,,Squirrel Flower,So Hot You’re Hurting My Feelings (by Caroline Polachek),,
835,SAD SONGS ONLY 2025,,St. Vincent,Cheerleader,,
835,SAD SONGS ONLY 2025,,St. Vincent,New York,,
835,SAD SONGS ONLY 2025,,St. Vincent,The Neighbors,,
835,SAD SONGS ONLY 2025,,Stars,Your Ex-Lover Is Dead,,
835,SAD SONGS ONLY 2025,,"Stevens, Sufjan",Chicago,,
835,SAD SONGS ONLY 2025,,"Stevens, Sufjan","John Wayne Gacy, Jr.",,
835,SAD SONGS ONLY 2025,,Stretch Panic,Vampire Love,,
835,SAD SONGS ONLY 2025,,Sugar,If I Can’t Change Your Mind,,
835,SAD SONGS ONLY 2025,,Sun Kil Moon,Carry Me Ohio,,
835,SAD SONGS ONLY 2025,,Sun Kil Moon,Salvador Sanchez,,
835,SAD SONGS ONLY 2025,,"Sundfør, Susanne",Undercover,,
835,SAD SONGS ONLY 2025,,Sunny Day Real Estate,In Circles,,
835,SAD SONGS ONLY 2025,,Sunny Day Real Estate,Pillars,,
835,SAD SONGS ONLY 2025,,Sunny Day Real Estate,Seven,,
835,SAD SONGS ONLY 2025,,Swearin’,Kenosha,,
835,SAD SONGS ONLY 2025,,Talking Heads,Crosseyed And Painless,,
835,SAD SONGS ONLY 2025,,They Might Be Giants,Nightgown Of The Sullen Moon,,
835,SAD SONGS ONLY 2025,,Thinking Fellers Union Local 282,Noble Experiment,,
835,SAD SONGS ONLY 2025,,Title Fight,"Numb, But I Still Feel It",,
835,SAD SONGS ONLY 2025,,Tuscadero,Nancy Drew,,
835,SAD SONGS ONLY 2025,,TV On The Radio,Young Liars,,
835,SAD SONGS ONLY 2025,,Two Nice Girls,I Spent My Last US$10.00(On Birth Control And Beer),,
835,SAD SONGS ONLY 2025,,U.S. Girls,Rage Of Plastics,,
835,SAD SONGS ONLY 2025,,Uncle Tupelo,No Depression,,
835,SAD SONGS ONLY 2025,,Urban Heat,Have You Ever?,,
835,SAD SONGS ONLY 2025,,"Van Etten, Sharon",Seventeen,,
835,SAD SONGS ONLY 2025,,"Van Etten, Sharon",Your Love Is Killing Me,,
835,SAD SONGS ONLY 2025,,Vandals,My Girlfriend’s Dead,,
835,SAD SONGS ONLY 2025,,"Vanderslice, John",Exodus Damage,,
835,SAD SONGS ONLY 2025,,"Vega, Suzanne",Left Of Center,,
835,SAD SONGS ONLY 2025,,"Veirs, Laura",Galaxies,,
835,SAD SONGS ONLY 2025,,"Vela, Ram & The Easy Targets",Reunited (And It Feels Like Shit),,
835,SAD SONGS ONLY 2025,,Velocity Girl,Pop Loser,,
835,SAD SONGS ONLY 2025,,Velvet Underground,All Tomorrow’s Parties,,
835,SAD SONGS ONLY 2025,,Velvet Underground,Femme Fatale,,
835,SAD SONGS ONLY 2025,,Walkmen,Thinking Of A Dream I Had,,
835,SAD SONGS ONLY 2025,,Warpaint,Ashes To Ashes (by David Bowie),,
835,SAD SONGS ONLY 2025,,Waxahatchee,Lilacs,,
835,SAD SONGS ONLY 2025,,Waxahatchee,Poison,,
835,SAD SONGS ONLY 2025,,Waxahatchee,Right Back To It (ft. MJ Lenderman),,
835,SAD SONGS ONLY 2025,,Weakerthans,Aside,,
835,SAD SONGS ONLY 2025,,Weakerthans,Tournament Of Hearts,,
835,SAD SONGS ONLY 2025,,Weakerthans,Virtute The Cat Explains Her Departure,,
835,SAD SONGS ONLY 2025,,Ween,Chocolate Town,,
835,SAD SONGS ONLY 2025,,Weyes Blood,Andromeda,,
835,SAD SONGS ONLY 2025,,What Made Milwaukee Famous,Selling Yourself Short,,
835,SAD SONGS ONLY 2025,,Whiskeytown,Excuse Me While I Break My Own Heart Tonight,,
835,SAD SONGS ONLY 2025,,Wilco,How To Fight Loneliness,,
835,SAD SONGS ONLY 2025,,Wilco,"Jesus, Etc.",,
835,SAD SONGS ONLY 2025,,Wilco,Passenger Side,,
835,SAD SONGS ONLY 2025,,Wolf Parade,I’ll Believe In Anything,,
835,SAD SONGS ONLY 2025,,Wye Oak,Civilian,,
835,SAD SONGS ONLY 2025,,Wye Oak,I Hope You Die,,
835,SAD SONGS ONLY 2025,,X,I Must Not Think Bad Thoughts,,
835,SAD SONGS ONLY 2025,,Xiu Xiu,Falling (by Julee Cruise),,
835,SAD SONGS ONLY 2025,,XTC,Earn Enough For Us,,
835,SAD SONGS ONLY 2025,,Yeah Yeah Yeahs,Maps,,
835,SAD SONGS ONLY 2025,,Yo La Tengo,Autumn Sweater,,
835,SAD SONGS ONLY 2025,,Yo La Tengo,Sugarcube,,
835,SAD SONGS ONLY 2025,,Zen Guerrilla,Moonage Daydream (by David Bowie),,
